{
  "test_metrics": {
    "HR@5": 0.04093470424413681,
    "NDCG@5": 0.023880399763584137,
    "MRR@5": 0.018304606899619102,
    "HR@10": 0.08054358512163162,
    "NDCG@10": 0.03650481253862381,
    "MRR@10": 0.023407042026519775,
    "HR@20": 0.14451441168785095,
    "NDCG@20": 0.05259893089532852,
    "MRR@20": 0.027784107252955437
  },
  "grouped_metrics": {
    "short": {
      "HR@10": 0.12962962687015533,
      "NDCG@10": 0.059716202318668365,
      "MRR@10": 0.03894522786140442,
      "HR@20": 0.2469135820865631,
      "NDCG@20": 0.08918584138154984,
      "MRR@20": 0.04693641513586044,
      "count": 162
    },
    "medium": {
      "HR@10": 0.07918937504291534,
      "NDCG@10": 0.0358644463121891,
      "MRR@10": 0.022978367283940315,
      "HR@20": 0.14168937504291534,
      "NDCG@20": 0.05158955603837967,
      "MRR@20": 0.027255721390247345,
      "count": 5872
    },
    "overall": {
      "HR@10": 0.08054358512163162,
      "NDCG@10": 0.03650481253862381,
      "MRR@10": 0.023407042026519775,
      "HR@20": 0.14451441168785095,
      "NDCG@20": 0.05259893089532852,
      "MRR@20": 0.027784107252955437,
      "count": 6034
    }
  },
  "best_epoch": 18,
  "best_val_metric": 0.043649133294820786
}