{
  "test_metrics": {
    "HR@5": 0.0682302787899971,
    "NDCG@5": 0.03860246017575264,
    "MRR@5": 0.029015637934207916,
    "HR@10": 0.11940298974514008,
    "NDCG@10": 0.05509110167622566,
    "MRR@10": 0.0357828214764595,
    "HR@20": 0.2110874205827713,
    "NDCG@20": 0.07802239805459976,
    "MRR@20": 0.041939254850149155
  },
  "grouped_metrics": {
    "short": {
      "HR@10": 0.19767442345619202,
      "NDCG@10": 0.09365588426589966,
      "MRR@10": 0.06115725263953209,
      "HR@20": 0.3255814015865326,
      "NDCG@20": 0.12523533403873444,
      "MRR@20": 0.06944171339273453,
      "count": 86
    },
    "medium": {
      "HR@10": 0.1295546591281891,
      "NDCG@10": 0.05956931412220001,
      "MRR@10": 0.03890334814786911,
      "HR@20": 0.24089069664478302,
      "NDCG@20": 0.08746922016143799,
      "MRR@20": 0.04641645774245262,
      "count": 494
    },
    "long": {
      "HR@10": 0.0865921750664711,
      "NDCG@10": 0.039647508412599564,
      "MRR@10": 0.025381306186318398,
      "HR@20": 0.14245809614658356,
      "NDCG@20": 0.05364516004920006,
      "MRR@20": 0.029154477640986443,
      "count": 358
    },
    "overall": {
      "HR@10": 0.11940298974514008,
      "NDCG@10": 0.05509110167622566,
      "MRR@10": 0.0357828214764595,
      "HR@20": 0.2110874205827713,
      "NDCG@20": 0.07802239805459976,
      "MRR@20": 0.041939254850149155,
      "count": 938
    }
  },
  "config": {
    "data_path": "data/ml-1m/processed/sequences.pkl",
    "graph_path": "data/graphs/cooccurrence_graph.pkl",
    "results_dir": "results",
    "models": [
      "tcn_bert4rec"
    ],
    "d_model": 64,
    "n_heads": 2,
    "n_blocks": 2,
    "d_ff": 256,
    "gnn_layers": 2,
    "dropout": 0.2,
    "max_len": 200,
    "fixed_alpha": 0.5,
    "L_short": 10,
    "L_long": 30,
    "tcn_channels": [
      64,
      64
    ],
    "tcn_kernel_size": 3,
    "tcn_fusion": "learnable",
    "tgt_fusion_alpha": 0.3,
    "tgt_learnable_fusion": true,
    "epochs": 200,
    "batch_size": 256,
    "lr": 0.001,
    "weight_decay": 0.0,
    "patience": 20,
    "eval_every": 1,
    "resume": true,
    "seed": 42,
    "cpu": false,
    "num_workers": 4
  },
  "best_epoch": 89
}