{
  "test_metrics": {
    "HR@5": 0.04905535280704498,
    "NDCG@5": 0.02998746745288372,
    "MRR@5": 0.023781903088092804,
    "HR@10": 0.09628770500421524,
    "NDCG@10": 0.045034121721982956,
    "MRR@10": 0.029859302565455437,
    "HR@20": 0.16721908748149872,
    "NDCG@20": 0.06277064234018326,
    "MRR@20": 0.034624554216861725
  },
  "grouped_metrics": {
    "short": {
      "HR@10": 0.11728395521640778,
      "NDCG@10": 0.07021142542362213,
      "MRR@10": 0.055658433586359024,
      "HR@20": 0.22839505970478058,
      "NDCG@20": 0.09882796555757523,
      "MRR@20": 0.06378577649593353,
      "count": 162
    },
    "medium": {
      "HR@10": 0.0957084447145462,
      "NDCG@10": 0.04433951899409294,
      "MRR@10": 0.029147539287805557,
      "HR@20": 0.16553133726119995,
      "NDCG@20": 0.06177587807178497,
      "MRR@20": 0.03382003307342529,
      "count": 5872
    },
    "overall": {
      "HR@10": 0.09628770500421524,
      "NDCG@10": 0.045034121721982956,
      "MRR@10": 0.029859302565455437,
      "HR@20": 0.16721908748149872,
      "NDCG@20": 0.06277064234018326,
      "MRR@20": 0.034624554216861725,
      "count": 6034
    }
  },
  "best_epoch": 49,
  "best_val_metric": 0.048060543835163116
}