Model,Model_Type,HR@5,HR@10,HR@20,NDCG@5,NDCG@10,NDCG@20,MRR@5,MRR@10,MRR@20,Best_Epoch
bert_hybrid_fixed,Hybrid,0.083858,0.144680,0.239476,0.049496,0.068992,0.092921,0.038305,0.046249,0.052798,77
bert_hybrid_discrete,Hybrid,0.077063,0.141366,0.241299,0.044914,0.065460,0.090561,0.034482,0.042817,0.049621,83
bert4rec,Baseline,0.075737,0.137388,0.227378,0.045309,0.065240,0.087901,0.035438,0.043661,0.049831,50
bert_hybrid_continuous,Hybrid,0.077726,0.137554,0.223235,0.045240,0.064401,0.085867,0.034706,0.042505,0.048293,45
bert_hybrid_learnable,Hybrid,0.075903,0.135068,0.229864,0.044018,0.062988,0.086836,0.033668,0.041399,0.047881,61
sasrec,Baseline,0.051541,0.097945,0.176666,0.029839,0.044622,0.064293,0.022771,0.028743,0.034022,113
gru4rec,Baseline,0.039940,0.066954,0.118329,0.022013,0.030619,0.043445,0.016200,0.019677,0.023111,31
lightgcn,Baseline,0.012098,0.024693,0.046735,0.006532,0.010552,0.016079,0.004734,0.006362,0.007854,1
