{
  "test_metrics": {
    "HR@5": 0.07457739114761353,
    "NDCG@5": 0.04437227547168732,
    "MRR@5": 0.03452380746603012,
    "HR@10": 0.13324494659900665,
    "NDCG@10": 0.06323129683732986,
    "MRR@10": 0.04224230721592903,
    "HR@20": 0.23201856017112732,
    "NDCG@20": 0.08798925578594208,
    "MRR@20": 0.048923373222351074
  },
  "grouped_metrics": {
    "short": {
      "HR@10": 0.2222222238779068,
      "NDCG@10": 0.10016757994890213,
      "MRR@10": 0.06440084427595139,
      "HR@20": 0.35185185074806213,
      "NDCG@20": 0.13263057172298431,
      "MRR@20": 0.0731360912322998,
      "count": 162
    },
    "medium": {
      "HR@10": 0.13079018890857697,
      "NDCG@10": 0.06221228092908859,
      "MRR@10": 0.04163098707795143,
      "HR@20": 0.2287125289440155,
      "NDCG@20": 0.08675766736268997,
      "MRR@20": 0.04825538024306297,
      "count": 5872
    },
    "overall": {
      "HR@10": 0.13324494659900665,
      "NDCG@10": 0.06323129683732986,
      "MRR@10": 0.04224230721592903,
      "HR@20": 0.23201856017112732,
      "NDCG@20": 0.08798925578594208,
      "MRR@20": 0.048923373222351074,
      "count": 6034
    }
  },
  "best_epoch": 50,
  "best_val_metric": 0.07127213478088379
}