{
  "test_metrics": {
    "HR@5": 0.083360955119133,
    "NDCG@5": 0.04996662214398384,
    "MRR@5": 0.03909236565232277,
    "HR@10": 0.1388796865940094,
    "NDCG@10": 0.06767158210277557,
    "MRR@10": 0.04625415802001953,
    "HR@20": 0.2275439202785492,
    "NDCG@20": 0.08994152396917343,
    "MRR@20": 0.05228959769010544
  },
  "grouped_metrics": {
    "short": {
      "HR@10": 0.20987653732299805,
      "NDCG@10": 0.1193528100848198,
      "MRR@10": 0.09256565570831299,
      "HR@20": 0.2839506268501282,
      "NDCG@20": 0.13793502748012543,
      "MRR@20": 0.09757909923791885,
      "count": 162
    },
    "medium": {
      "HR@10": 0.1369209736585617,
      "NDCG@10": 0.06624577939510345,
      "MRR@10": 0.04497649520635605,
      "HR@20": 0.2259877324104309,
      "NDCG@20": 0.08861745148897171,
      "MRR@20": 0.051040127873420715,
      "count": 5872
    },
    "overall": {
      "HR@10": 0.1388796865940094,
      "NDCG@10": 0.06767158210277557,
      "MRR@10": 0.04625415802001953,
      "HR@20": 0.2275439202785492,
      "NDCG@20": 0.08994152396917343,
      "MRR@20": 0.05228959769010544,
      "count": 6034
    }
  },
  "best_epoch": 53,
  "best_val_metric": 0.07010158896446228
}