{
  "test_metrics": {
    "HR@5": 0.03411513939499855,
    "NDCG@5": 0.02013333886861801,
    "MRR@5": 0.015618336386978626,
    "HR@10": 0.0650319829583168,
    "NDCG@10": 0.03021226078271866,
    "MRR@10": 0.019824771210551262,
    "HR@20": 0.10767590999603271,
    "NDCG@20": 0.04110320284962654,
    "MRR@20": 0.022871991619467735
  },
  "grouped_metrics": {
    "short": {
      "HR@10": 0.09302325546741486,
      "NDCG@10": 0.043518781661987305,
      "MRR@10": 0.028709854930639267,
      "HR@20": 0.1627907007932663,
      "NDCG@20": 0.0612996444106102,
      "MRR@20": 0.03365623205900192,
      "count": 86
    },
    "medium": {
      "HR@10": 0.06220657378435135,
      "NDCG@10": 0.028869114816188812,
      "MRR@10": 0.0189279206097126,
      "HR@20": 0.10211268067359924,
      "NDCG@20": 0.03906458988785744,
      "MRR@20": 0.021783439442515373,
      "count": 852
    },
    "overall": {
      "HR@10": 0.0650319829583168,
      "NDCG@10": 0.03021226078271866,
      "MRR@10": 0.019824771210551262,
      "HR@20": 0.10767590999603271,
      "NDCG@20": 0.04110320284962654,
      "MRR@20": 0.022871991619467735,
      "count": 938
    }
  },
  "best_epoch": 39,
  "best_val_metric": 0.03257085755467415
}