{
  "test_metrics": {
    "HR@5": 0.012098110280930996,
    "NDCG@5": 0.006532289553433657,
    "MRR@5": 0.004734283313155174,
    "HR@10": 0.024693403393030167,
    "NDCG@10": 0.010551994666457176,
    "MRR@10": 0.006362030748277903,
    "HR@20": 0.046735167503356934,
    "NDCG@20": 0.016078781336545944,
    "MRR@20": 0.007853886112570763
  },
  "grouped_metrics": {
    "short": {
      "HR@10": 0.03086419776082039,
      "NDCG@10": 0.01250980794429779,
      "MRR@10": 0.007098766043782234,
      "HR@20": 0.0555555559694767,
      "NDCG@20": 0.018737755715847015,
      "MRR@20": 0.008797992952167988,
      "count": 162
    },
    "medium": {
      "HR@10": 0.024523161351680756,
      "NDCG@10": 0.010497980751097202,
      "MRR@10": 0.006341705564409494,
      "HR@20": 0.046491824090480804,
      "NDCG@20": 0.016005422919988632,
      "MRR@20": 0.007827838882803917,
      "count": 5872
    },
    "overall": {
      "HR@10": 0.024693403393030167,
      "NDCG@10": 0.010551994666457176,
      "MRR@10": 0.006362030748277903,
      "HR@20": 0.046735167503356934,
      "NDCG@20": 0.016078781336545944,
      "MRR@20": 0.007853886112570763,
      "count": 6034
    }
  },
  "best_epoch": 1,
  "best_val_metric": 0.010702630504965782
}