{
  "test_metrics": {
    "HR@5": 0.08518395572900772,
    "NDCG@5": 0.05243592709302902,
    "MRR@5": 0.04173571988940239,
    "HR@10": 0.14849187433719635,
    "NDCG@10": 0.07266096025705338,
    "MRR@10": 0.04993883892893791,
    "HR@20": 0.25107723474502563,
    "NDCG@20": 0.09842213243246078,
    "MRR@20": 0.05691596493124962
  },
  "grouped_metrics": {
    "short": {
      "HR@10": 0.2469135820865631,
      "NDCG@10": 0.11015137284994125,
      "MRR@10": 0.06995885074138641,
      "HR@20": 0.34567901492118835,
      "NDCG@20": 0.1352129876613617,
      "MRR@20": 0.07687506824731827,
      "count": 162
    },
    "medium": {
      "HR@10": 0.19271035492420197,
      "NDCG@10": 0.0962548479437828,
      "MRR@10": 0.06719135493040085,
      "HR@20": 0.31097325682640076,
      "NDCG@20": 0.1257772296667099,
      "MRR@20": 0.0750948116183281,
      "count": 2579
    },
    "long": {
      "HR@10": 0.10901913046836853,
      "NDCG@10": 0.052338432520627975,
      "MRR@10": 0.035442184656858444,
      "HR@20": 0.19951412081718445,
      "NDCG@20": 0.07518833130598068,
      "MRR@20": 0.041696831583976746,
      "count": 3293
    },
    "overall": {
      "HR@10": 0.14849187433719635,
      "NDCG@10": 0.07266096025705338,
      "MRR@10": 0.04993883892893791,
      "HR@20": 0.25107723474502563,
      "NDCG@20": 0.09842213243246078,
      "MRR@20": 0.05691596493124962,
      "count": 6034
    }
  },
  "config": {
    "data_path": "data/ml-1m/processed/sequences.pkl",
    "graph_path": "data/graphs/cooccurrence_graph.pkl",
    "results_dir": "results",
    "models": [
      "bert_hybrid_fixed"
    ],
    "d_model": 64,
    "n_heads": 2,
    "n_blocks": 2,
    "d_ff": 256,
    "gnn_layers": 2,
    "dropout": 0.2,
    "max_len": 200,
    "fixed_alpha": 0.3,
    "L_short": 10,
    "L_long": 30,
    "tcn_channels": [
      64,
      64,
      64
    ],
    "tcn_kernel_size": 3,
    "tcn_fusion": "learnable",
    "tgt_fusion_alpha": 0.3,
    "tgt_learnable_fusion": true,
    "epochs": 200,
    "batch_size": 256,
    "lr": 0.001,
    "weight_decay": 0.0,
    "patience": 20,
    "eval_every": 1,
    "resume": false,
    "seed": 42,
    "cpu": false,
    "num_workers": 4
  },
  "best_epoch": 88
}