{
  "test_metrics": {
    "HR@5": 0.05756929889321327,
    "NDCG@5": 0.03693705424666405,
    "MRR@5": 0.030206114053726196,
    "HR@10": 0.11087420582771301,
    "NDCG@10": 0.05397419258952141,
    "MRR@10": 0.03712009638547897,
    "HR@20": 0.18443496525287628,
    "NDCG@20": 0.07255455106496811,
    "MRR@20": 0.04220667853951454
  },
  "grouped_metrics": {
    "short": {
      "HR@10": 0.1744185984134674,
      "NDCG@10": 0.09214809536933899,
      "MRR@10": 0.06779254227876663,
      "HR@20": 0.24418604373931885,
      "NDCG@20": 0.10931989550590515,
      "MRR@20": 0.0722406879067421,
      "count": 86
    },
    "medium": {
      "HR@10": 0.10446009784936905,
      "NDCG@10": 0.05012095719575882,
      "MRR@10": 0.03402405232191086,
      "HR@20": 0.17840376496315002,
      "NDCG@20": 0.06884348392486572,
      "MRR@20": 0.03917507827281952,
      "count": 852
    },
    "overall": {
      "HR@10": 0.11087420582771301,
      "NDCG@10": 0.05397419258952141,
      "MRR@10": 0.03712009638547897,
      "HR@20": 0.18443496525287628,
      "NDCG@20": 0.07255455106496811,
      "MRR@20": 0.04220667853951454,
      "count": 938
    }
  },
  "best_epoch": 35,
  "best_val_metric": 0.05525527894496918
}