{
  "train_loss": [
    0.30468459586156416,
    0.22468916834646482,
    0.19418649081796147,
    0.17420629788058364,
    0.16196673013334928,
    0.15323940044047366,
    0.14545081882341004,
    0.13874354615780154,
    0.1357854894068491,
    0.1320956756981568,
    0.13006178861707243,
    0.12790138508352764,
    0.1263689072849721,
    0.12380589311364927,
    0.12206578927202733,
    0.12076141303991253,
    0.11873305164411027,
    0.11773676705342616,
    0.11637641189360652,
    0.11640700112153862,
    0.11494097628339366,
    0.11470192411917035,
    0.11308114688037511,
    0.11169776517759236,
    0.11123391703886891,
    0.11142327908219468,
    0.11055172350964362,
    0.11019705994705788,
    0.10897994591081477,
    0.10785609692656835,
    0.10796799857578368,
    0.10796242297469173,
    0.10731853874289886,
    0.1063325784563142,
    0.10558375860292757,
    0.10611222285330706,
    0.10570771766498815,
    0.10522277377884652,
    0.1035057117218784,
    0.10367591201499289,
    0.10383978582401861,
    0.10400953424472463,
    0.10289012725076985,
    0.10309760750955434,
    0.10264711154878933,
    0.10238504158756467,
    0.10192852182040862,
    0.10152199196675857,
    0.10152554795912608,
    0.09994634151369758
  ],
  "val_metrics": [
    {
      "HR@5": 0.01491547841578722,
      "NDCG@5": 0.00880428310483694,
      "MRR@5": 0.006827974691987038,
      "HR@10": 0.03215114399790764,
      "NDCG@10": 0.0142985749989748,
      "MRR@10": 0.009047145955264568,
      "HR@20": 0.06198210269212723,
      "NDCG@20": 0.021792972460389137,
      "MRR@20": 0.011078932322561741
    },
    {
      "HR@5": 0.025024859234690666,
      "NDCG@5": 0.014302355237305164,
      "MRR@5": 0.010816484689712524,
      "HR@10": 0.04358634352684021,
      "NDCG@10": 0.020229436457157135,
      "MRR@10": 0.01321894209831953,
      "HR@20": 0.08568114042282104,
      "NDCG@20": 0.0306989923119545,
      "MRR@20": 0.01600206270813942
    },
    {
      "HR@5": 0.022704673931002617,
      "NDCG@5": 0.013057396747171879,
      "MRR@5": 0.00994917657226324,
      "HR@10": 0.04955253377556801,
      "NDCG@10": 0.02168070152401924,
      "MRR@10": 0.013473780825734138,
      "HR@20": 0.0913158729672432,
      "NDCG@20": 0.032140035182237625,
      "MRR@20": 0.0162917859852314
    },
    {
      "HR@5": 0.020384488627314568,
      "NDCG@5": 0.012405620887875557,
      "MRR@5": 0.009816594421863556,
      "HR@10": 0.04723234847187996,
      "NDCG@10": 0.020962145179510117,
      "MRR@10": 0.013273986987769604,
      "HR@20": 0.10009943693876266,
      "NDCG@20": 0.03418799117207527,
      "MRR@20": 0.016828864812850952
    },
    {
      "HR@5": 0.025687769055366516,
      "NDCG@5": 0.015617967583239079,
      "MRR@5": 0.012324605137109756,
      "HR@10": 0.05502154305577278,
      "NDCG@10": 0.025063959881663322,
      "MRR@10": 0.016199473291635513,
      "HR@20": 0.10722572356462479,
      "NDCG@20": 0.03810059279203415,
      "MRR@20": 0.019691558554768562
    },
    {
      "HR@5": 0.030991051346063614,
      "NDCG@5": 0.017795192077755928,
      "MRR@5": 0.013520605862140656,
      "HR@10": 0.05899900570511818,
      "NDCG@10": 0.026764078065752983,
      "MRR@10": 0.017171215265989304,
      "HR@20": 0.11600928008556366,
      "NDCG@20": 0.041057199239730835,
      "MRR@20": 0.021030357107520103
    },
    {
      "HR@5": 0.028670864179730415,
      "NDCG@5": 0.017490345984697342,
      "MRR@5": 0.013871395960450172,
      "HR@10": 0.05899900570511818,
      "NDCG@10": 0.02723778784275055,
      "MRR@10": 0.01785918138921261,
      "HR@20": 0.11484918743371964,
      "NDCG@20": 0.04123985394835472,
      "MRR@20": 0.02163792960345745
    },
    {
      "HR@5": 0.029002320021390915,
      "NDCG@5": 0.016646767035126686,
      "MRR@5": 0.012669871561229229,
      "HR@10": 0.0628107413649559,
      "NDCG@10": 0.027445830404758453,
      "MRR@10": 0.017049681395292282,
      "HR@20": 0.12396420538425446,
      "NDCG@20": 0.042719874531030655,
      "MRR@20": 0.02114616520702839
    },
    {
      "HR@5": 0.03016241267323494,
      "NDCG@5": 0.017378199845552444,
      "MRR@5": 0.013233344070613384,
      "HR@10": 0.0654623806476593,
      "NDCG@10": 0.02871183678507805,
      "MRR@10": 0.01786220632493496,
      "HR@20": 0.12744447588920593,
      "NDCG@20": 0.044175874441862106,
      "MRR@20": 0.021996671333909035
    },
    {
      "HR@5": 0.03447132930159569,
      "NDCG@5": 0.01954888179898262,
      "MRR@5": 0.014708319678902626,
      "HR@10": 0.0701027512550354,
      "NDCG@10": 0.030999116599559784,
      "MRR@10": 0.01939406804740429,
      "HR@20": 0.13109049201011658,
      "NDCG@20": 0.04618493467569351,
      "MRR@20": 0.023438673466444016
    },
    {
      "HR@5": 0.03828306123614311,
      "NDCG@5": 0.022554628551006317,
      "MRR@5": 0.017445584759116173,
      "HR@10": 0.07159429788589478,
      "NDCG@10": 0.033216651529073715,
      "MRR@10": 0.021782057359814644,
      "HR@20": 0.13009612262248993,
      "NDCG@20": 0.0478241853415966,
      "MRR@20": 0.02569408528506756
    },
    {
      "HR@5": 0.03463705629110336,
      "NDCG@5": 0.02016330137848854,
      "MRR@5": 0.015492762438952923,
      "HR@10": 0.0720914825797081,
      "NDCG@10": 0.03216984122991562,
      "MRR@10": 0.020386328920722008,
      "HR@20": 0.13921113312244415,
      "NDCG@20": 0.04895851016044617,
      "MRR@20": 0.024898681789636612
    },
    {
      "HR@5": 0.03712296858429909,
      "NDCG@5": 0.021532196551561356,
      "MRR@5": 0.01646779291331768,
      "HR@10": 0.07374875992536545,
      "NDCG@10": 0.03332945704460144,
      "MRR@10": 0.02131006494164467,
      "HR@20": 0.1421942263841629,
      "NDCG@20": 0.0504455603659153,
      "MRR@20": 0.02590738609433174
    },
    {
      "HR@5": 0.04126615822315216,
      "NDCG@5": 0.024535447359085083,
      "MRR@5": 0.019102860242128372,
      "HR@10": 0.07905203849077225,
      "NDCG@10": 0.036689892411231995,
      "MRR@10": 0.024080738425254822,
      "HR@20": 0.14600595831871033,
      "NDCG@20": 0.05345276743173599,
      "MRR@20": 0.02859322354197502
    },
    {
      "HR@5": 0.04060324653983116,
      "NDCG@5": 0.02395801804959774,
      "MRR@5": 0.018555961549282074,
      "HR@10": 0.07921776175498962,
      "NDCG@10": 0.03627395257353783,
      "MRR@10": 0.023538967594504356,
      "HR@20": 0.14633741974830627,
      "NDCG@20": 0.0531020425260067,
      "MRR@20": 0.028084170073270798
    },
    {
      "HR@5": 0.03861451894044876,
      "NDCG@5": 0.0220608152449131,
      "MRR@5": 0.01667495258152485,
      "HR@10": 0.07258866727352142,
      "NDCG@10": 0.03285287320613861,
      "MRR@10": 0.02101464569568634,
      "HR@20": 0.14103414118289948,
      "NDCG@20": 0.05001312494277954,
      "MRR@20": 0.02564966306090355
    },
    {
      "HR@5": 0.03894597291946411,
      "NDCG@5": 0.021944943815469742,
      "MRR@5": 0.016431886702775955,
      "HR@10": 0.07093138992786407,
      "NDCG@10": 0.03221016377210617,
      "MRR@10": 0.02062196470797062,
      "HR@20": 0.13904540240764618,
      "NDCG@20": 0.04925527423620224,
      "MRR@20": 0.025207407772541046
    },
    {
      "HR@5": 0.038780245929956436,
      "NDCG@5": 0.021820640191435814,
      "MRR@5": 0.016354545950889587,
      "HR@10": 0.07722903788089752,
      "NDCG@10": 0.034092407673597336,
      "MRR@10": 0.021323151886463165,
      "HR@20": 0.14633741974830627,
      "NDCG@20": 0.05135437846183777,
      "MRR@20": 0.02595289796590805
    },
    {
      "HR@5": 0.04458070918917656,
      "NDCG@5": 0.025569723919034004,
      "MRR@5": 0.01943708024919033,
      "HR@10": 0.08302950114011765,
      "NDCG@10": 0.037932030856609344,
      "MRR@10": 0.024498282000422478,
      "HR@20": 0.149486243724823,
      "NDCG@20": 0.05460856482386589,
      "MRR@20": 0.029009060934185982
    },
    {
      "HR@5": 0.043752070516347885,
      "NDCG@5": 0.02447386272251606,
      "MRR@5": 0.018243839964270592,
      "HR@10": 0.08120649307966232,