{
  "test_metrics": {
    "HR@5": 0.07590321451425552,
    "NDCG@5": 0.04401794821023941,
    "MRR@5": 0.03366754949092865,
    "HR@10": 0.13506793975830078,
    "NDCG@10": 0.06298828125,
    "MRR@10": 0.04139900207519531,
    "HR@20": 0.22986410558223724,
    "NDCG@20": 0.08683600276708603,
    "MRR@20": 0.04788057133555412
  },
  "grouped_metrics": {
    "short": {
      "HR@10": 0.24074074625968933,
      "NDCG@10": 0.10400793701410294,
      "MRR@10": 0.06253429502248764,
      "HR@20": 0.3395061790943146,
      "NDCG@20": 0.12894248962402344,
      "MRR@20": 0.06936351209878922,
      "count": 162
    },
    "medium": {
      "HR@10": 0.13215258717536926,
      "NDCG@10": 0.06185660511255264,
      "MRR@10": 0.04081591218709946,
      "HR@20": 0.22683922946453094,
      "NDCG@20": 0.08567434549331665,
      "MRR@20": 0.047287892550230026,
      "count": 5872
    },
    "overall": {
      "HR@10": 0.13506793975830078,
      "NDCG@10": 0.06298828125,
      "MRR@10": 0.04139900207519531,
      "HR@20": 0.22986410558223724,
      "NDCG@20": 0.08683600276708603,
      "MRR@20": 0.04788057133555412,
      "count": 6034
    }
  },
  "best_epoch": 61,
  "best_val_metric": 0.07080313563346863
}