{
  "train_loss": [
    0.2505060258155905,
    0.18251801486142907,
    0.1641528296994955,
    0.15244917712890066,
    0.14634923357644866,
    0.14109432058674948,
    0.1374731994189962,
    0.13459753493239807,
    0.13126089417050069,
    0.13033247054424044,
    0.1279592511608177,
    0.1259830666053142,
    0.12427721274730039,
    0.12252274142440492,
    0.12053907181781862,
    0.11954571793542908,
    0.11926153416672211,
    0.11862938958239434,
    0.11774521194429205,
    0.11656349284431504,
    0.11549087491812211,
    0.1158139023161504,
    0.11467509927398357,
    0.11477674933840881,
    0.11359000358461896,
    0.11290436174564807,
    0.11193987498206177,
    0.11186246366698259,
    0.11129038014137313,
    0.11066383382816297,
    0.11014823115195053,
    0.1094291613590816,
    0.10840635304884676,
    0.10852700015842284,
    0.10873584800430214,
    0.10766194292100734,
    0.1073912865318423,
    0.10721292388469296,
    0.10666163976881336,
    0.10551459794512406,
    0.10700027994575388,
    0.10565454331190284,
    0.10589519453688012,
    0.10495453078229601,
    0.10454294487122116,
    0.1048277147956189,
    0.10386014608585019,
    0.10419839936136159,
    0.10446076597684723
  ],
  "val_metrics": [
    {
      "HR@5": 0.024361949414014816,
      "NDCG@5": 0.014812571927905083,
      "MRR@5": 0.011727984994649887,
      "HR@10": 0.047066621482372284,
      "NDCG@10": 0.02211492694914341,
      "MRR@10": 0.014717921614646912,
      "HR@20": 0.07971494644880295,
      "NDCG@20": 0.030267823487520218,
      "MRR@20": 0.0169000793248415
    },
    {
      "HR@5": 0.03049386851489544,
      "NDCG@5": 0.017831716686487198,
      "MRR@5": 0.013713954016566277,
      "HR@10": 0.056513093411922455,
      "NDCG@10": 0.02628137730062008,
      "MRR@10": 0.0172209981828928,
      "HR@20": 0.10175671428442001,
      "NDCG@20": 0.037617191672325134,
      "MRR@20": 0.020279288291931152
    },
    {
      "HR@5": 0.03480278328061104,
      "NDCG@5": 0.02073567360639572,
      "MRR@5": 0.016161199659109116,
      "HR@10": 0.06314219534397125,
      "NDCG@10": 0.029766768217086792,
      "MRR@10": 0.019810624420642853,
      "HR@20": 0.11700364202260971,
      "NDCG@20": 0.04329059645533562,
      "MRR@20": 0.02347397990524769
    },
    {
      "HR@5": 0.03662578761577606,
      "NDCG@5": 0.021736586466431618,
      "MRR@5": 0.016909735277295113,
      "HR@10": 0.06827975064516068,
      "NDCG@10": 0.03182501718401909,
      "MRR@10": 0.020988671109080315,
      "HR@20": 0.1242956593632698,
      "NDCG@20": 0.04579572752118111,
      "MRR@20": 0.024722479283809662
    },
    {
      "HR@5": 0.03795160725712776,
      "NDCG@5": 0.02359102852642536,
      "MRR@5": 0.018892938271164894,
      "HR@10": 0.0701027512550354,
      "NDCG@10": 0.033893484622240067,
      "MRR@10": 0.023089002817869186,
      "HR@20": 0.12810738384723663,
      "NDCG@20": 0.048567138612270355,
      "MRR@20": 0.02712058089673519
    },
    {
      "HR@5": 0.03861451894044876,
      "NDCG@5": 0.02356691285967827,
      "MRR@5": 0.018669208511710167,
      "HR@10": 0.0687769278883934,
      "NDCG@10": 0.03332901373505592,
      "MRR@10": 0.022702306509017944,
      "HR@20": 0.12412992864847183,
      "NDCG@20": 0.047133661806583405,
      "MRR@20": 0.0263887420296669
    },
    {
      "HR@5": 0.03712296858429909,
      "NDCG@5": 0.022277889773249626,
      "MRR@5": 0.017420727759599686,
      "HR@10": 0.07126284390687943,
      "NDCG@10": 0.03321358934044838,
      "MRR@10": 0.021872617304325104,
      "HR@20": 0.13473649322986603,
      "NDCG@20": 0.049069494009017944,
      "MRR@20": 0.026125721633434296
    },
    {
      "HR@5": 0.037454426288604736,
      "NDCG@5": 0.021738847717642784,
      "MRR@5": 0.016652856022119522,
      "HR@10": 0.07325157523155212,
      "NDCG@10": 0.03320920467376709,
      "MRR@10": 0.02132485993206501,
      "HR@20": 0.13407358527183533,
      "NDCG@20": 0.04848514869809151,
      "MRR@20": 0.025465326383709908
    },
    {
      "HR@5": 0.04192906990647316,
      "NDCG@5": 0.02493835799396038,
      "MRR@5": 0.019461937248706818,
      "HR@10": 0.07988067716360092,
      "NDCG@10": 0.03701617941260338,
      "MRR@10": 0.024332353845238686,
      "HR@20": 0.14335432648658752,
      "NDCG@20": 0.05290704965591431,
      "MRR@20": 0.028611652553081512
    },
    {
      "HR@5": 0.04458070918917656,
      "NDCG@5": 0.026592791080474854,
      "MRR@5": 0.020738041028380394,
      "HR@10": 0.07954922318458557,
      "NDCG@10": 0.03778646141290665,
      "MRR@10": 0.02529193088412285,
      "HR@20": 0.14600595831871033,
      "NDCG@20": 0.054485950618982315,
      "MRR@20": 0.029821408912539482
    },
    {
      "HR@5": 0.045740801841020584,
      "NDCG@5": 0.02633562870323658,
      "MRR@5": 0.020019887015223503,
      "HR@10": 0.08650977909564972,
      "NDCG@10": 0.03947654366493225,
      "MRR@10": 0.025417737662792206,
      "HR@20": 0.15064632892608643,
      "NDCG@20": 0.05557743459939957,
      "MRR@20": 0.029776552692055702
    },
    {
      "HR@5": 0.04325488954782486,
      "NDCG@5": 0.025718702003359795,
      "MRR@5": 0.020011601969599724,
      "HR@10": 0.08418959379196167,
      "NDCG@10": 0.03878338634967804,
      "MRR@10": 0.02530396543443203,
      "HR@20": 0.14932051301002502,
      "NDCG@20": 0.0551178902387619,
      "MRR@20": 0.029720105230808258
    },
    {
      "HR@5": 0.043420616537332535,
      "NDCG@5": 0.025813529267907143,
      "MRR@5": 0.020080653950572014,
      "HR@10": 0.0807093158364296,
      "NDCG@10": 0.03776711970567703,
      "MRR@10": 0.02495383471250534,
      "HR@20": 0.1435200572013855,
      "NDCG@20": 0.05340597406029701,
      "MRR@20": 0.02911919541656971
    },
    {
      "HR@5": 0.044083524495363235,
      "NDCG@5": 0.0262114480137825,
      "MRR@5": 0.020381726324558258,
      "HR@10": 0.08302950114011765,
      "NDCG@10": 0.038638800382614136,
      "MRR@10": 0.02541346475481987,
      "HR@20": 0.15048061311244965,
      "NDCG@20": 0.0555281862616539,
      "MRR@20": 0.029960740357637405
    },
    {
      "HR@5": 0.042094796895980835,
      "NDCG@5": 0.02584516629576683,
      "MRR@5": 0.020594410598278046,
      "HR@10": 0.07722903788089752,
      "NDCG@10": 0.03706812858581543,
      "MRR@10": 0.025145472958683968,
      "HR@20": 0.14252568781375885,
      "NDCG@20": 0.05342034623026848,
      "MRR@20": 0.02954890951514244
    },
    {
      "HR@5": 0.039774611592292786,
      "NDCG@5": 0.023988647386431694,
      "MRR@5": 0.01884874701499939,
      "HR@10": 0.07689757645130157,
      "NDCG@10": 0.035846929997205734,
      "MRR@10": 0.023655831813812256,
      "HR@20": 0.13987404108047485,
      "NDCG@20": 0.051655981689691544,
      "MRR@20": 0.027935238555073738
    },
    {
      "HR@5": 0.04855816811323166,
      "NDCG@5": 0.028340784832835197,
      "MRR@5": 0.021779362112283707,
      "HR@10": 0.0906529650092125,
      "NDCG@10": 0.04177679866552353,
      "MRR@10": 0.027220025658607483,
      "HR@20": 0.15512098371982574,
      "NDCG@20": 0.057924624532461166,
      "MRR@20": 0.03157120943069458
    },
    {
      "HR@5": 0.04756380617618561,
      "NDCG@5": 0.02837415039539337,
      "MRR@5": 0.022143961861729622,
      "HR@10": 0.09032151103019714,
      "NDCG@10": 0.04198823124170303,
      "MRR@10": 0.027637632563710213,
      "HR@20": 0.1581040769815445,
      "NDCG@20": 0.059066109359264374,
      "MRR@20": 0.03229367733001709
    },
    {
      "HR@5": 0.04590652883052826,
      "NDCG@5": 0.027091994881629944,
      "MRR@5": 0.02097558230161667,
      "HR@10": 0.08551540970802307,
      "NDCG@10": 0.039824228733778,
      "MRR@10": 0.02618449181318283,
      "HR@20": 0.15694397687911987,
      "NDCG@20": 0.05770428851246834,
      "MRR@20": 0.030999325215816498
    },
    {
      "HR@5": 0.048392441123723984,
      "NDCG@5": 0.028211962431669235,
      "MRR@5": 0.021666115149855614,
      "HR@10": 0.0933046042919159,