{
  "test_metrics": {
    "HR@5": 0.05170699208974838,
    "NDCG@5": 0.03166861832141876,
    "MRR@5": 0.02513534389436245,
    "HR@10": 0.09993370622396469,
    "NDCG@10": 0.04707982391119003,
    "MRR@10": 0.03138774260878563,
    "HR@20": 0.1740139126777649,
    "NDCG@20": 0.06566318869590759,
    "MRR@20": 0.036411434412002563
  },
  "grouped_metrics": {
    "short": {
      "HR@10": 0.1666666716337204,
      "NDCG@10": 0.0799296572804451,
      "MRR@10": 0.05390701815485954,
      "HR@20": 0.22839505970478058,
      "NDCG@20": 0.09551643580198288,
      "MRR@20": 0.05817452818155289,
      "count": 162
    },
    "medium": {
      "HR@10": 0.09809264540672302,
      "NDCG@10": 0.046173546463251114,
      "MRR@10": 0.030766474083065987,
      "HR@20": 0.17251361906528473,
      "NDCG@20": 0.06483958661556244,
      "MRR@20": 0.03581102564930916,
      "count": 5872
    },
    "overall": {
      "HR@10": 0.09993370622396469,
      "NDCG@10": 0.04707982391119003,
      "MRR@10": 0.03138774260878563,
      "HR@20": 0.1740139126777649,
      "NDCG@20": 0.06566318869590759,
      "MRR@20": 0.036411434412002563,
      "count": 6034
    }
  },
  "best_epoch": 39,
  "best_val_metric": 0.05095135048031807
}