{
  "train_loss": [
    0.3283057440419672,
    0.26649624324195365,
    0.2240132436970806,
    0.20773882096480162,
    0.1965922942957475,
    0.1851591399066975,
    0.1764471229331779,
    0.16960233663151886,
    0.16318128356897454,
    0.15871402317359462,
    0.1541409024718052,
    0.15067161509803967,
    0.14825729614394928,
    0.1462621216037211,
    0.14270143340597144,
    0.14070478457312383,
    0.139287793693134,
    0.13839757951728565,
    0.13585658484045715,
    0.13572704758140874,
    0.134329010856962,
    0.1333674671291812,
    0.13149175320640308,
    0.1315504850791472,
    0.1302535132336874,
    0.12935327655187867,
    0.12865762355051624,
    0.12831266500230332,
    0.1278396090873349,
    0.12684523711065715,
    0.12629699310032008,
    0.1255417291535305,
    0.12469336250005482,
    0.12433380913032158,
    0.12390120774267954,
    0.12369603402895504,
    0.12293045804910721,
    0.12300590723479182,
    0.12203796632625556,
    0.12161880224553007,
    0.12127244278795411,
    0.12087306316272896,
    0.12026041026920642,
    0.12039942388646527,
    0.12139178212898064,
    0.11967794015510783,
    0.11958694147424354,
    0.12043154083421649,
    0.11884021772209472,
    0.11874952640933732,
    0.119110751975812
  ],
  "val_metrics": [
    {
      "HR@5": 0.011269472539424896,
      "NDCG@5": 0.007460010703653097,
      "MRR@5": 0.006212020758539438,
      "HR@10": 0.023699037730693817,
      "NDCG@10": 0.011506793089210987,
      "MRR@10": 0.007899087853729725,
      "HR@20": 0.05303281545639038,
      "NDCG@20": 0.01873638480901718,
      "MRR@20": 0.00978353712707758
    },
    {
      "HR@5": 0.01905866712331772,
      "NDCG@5": 0.0109446095302701,
      "MRR@5": 0.008311236277222633,
      "HR@10": 0.03596287593245506,
      "NDCG@10": 0.016373410820961,
      "MRR@10": 0.01052961777895689,
      "HR@20": 0.06397083401679993,
      "NDCG@20": 0.02338123880326748,
      "MRR@20": 0.012414969503879547
    },
    {
      "HR@5": 0.019390122964978218,
      "NDCG@5": 0.011385327205061913,
      "MRR@5": 0.008811181411147118,
      "HR@10": 0.03480278328061104,
      "NDCG@10": 0.016311265528202057,
      "MRR@10": 0.0108118811622262,
      "HR@20": 0.0694398432970047,
      "NDCG@20": 0.02499130368232727,
      "MRR@20": 0.01315530389547348
    },
    {
      "HR@5": 0.022207491099834442,
      "NDCG@5": 0.012900421395897865,
      "MRR@5": 0.009913269430398941,
      "HR@10": 0.040768977254629135,
      "NDCG@10": 0.018857387825846672,
      "MRR@10": 0.01234663650393486,
      "HR@20": 0.07722903788089752,
      "NDCG@20": 0.027946140617132187,
      "MRR@20": 0.014774245209991932
    },
    {
      "HR@5": 0.022704673931002617,
      "NDCG@5": 0.012994598597288132,
      "MRR@5": 0.00985526479780674,
      "HR@10": 0.042757704854011536,
      "NDCG@10": 0.01945807971060276,
      "MRR@10": 0.012510719709098339,
      "HR@20": 0.0846867710351944,
      "NDCG@20": 0.02993384189903736,
      "MRR@20": 0.015321716666221619
    },
    {
      "HR@5": 0.02552204206585884,
      "NDCG@5": 0.015233857557177544,
      "MRR@5": 0.01187161635607481,
      "HR@10": 0.04524362087249756,
      "NDCG@10": 0.021559521555900574,
      "MRR@10": 0.0144524946808815,
      "HR@20": 0.08700695633888245,
      "NDCG@20": 0.03203452378511429,
      "MRR@20": 0.017284424975514412
    },
    {
      "HR@5": 0.024030493572354317,
      "NDCG@5": 0.014633002690970898,
      "MRR@5": 0.011587116867303848,
      "HR@10": 0.04822671413421631,
      "NDCG@10": 0.0223527904599905,
      "MRR@10": 0.014713252894580364,
      "HR@20": 0.0913158729672432,
      "NDCG@20": 0.033125899732112885,
      "MRR@20": 0.01760569028556347
    },
    {
      "HR@5": 0.021378852427005768,
      "NDCG@5": 0.012500837445259094,
      "MRR@5": 0.009614960290491581,
      "HR@10": 0.04756380617618561,
      "NDCG@10": 0.020900782197713852,
      "MRR@10": 0.013042033649981022,
      "HR@20": 0.09313888102769852,
      "NDCG@20": 0.03226180747151375,
      "MRR@20": 0.01607395149767399
    },
    {
      "HR@5": 0.02552204206585884,
      "NDCG@5": 0.014556212350726128,
      "MRR@5": 0.011009832844138145,
      "HR@10": 0.04789526015520096,
      "NDCG@10": 0.021857473999261856,
      "MRR@10": 0.014062311500310898,
      "HR@20": 0.09661915898323059,
      "NDCG@20": 0.0341215543448925,
      "MRR@20": 0.017400523647665977
    },
    {
      "HR@5": 0.03016241267323494,
      "NDCG@5": 0.017905354499816895,
      "MRR@5": 0.013940448872745037,
      "HR@10": 0.05469008907675743,
      "NDCG@10": 0.025774702429771423,
      "MRR@10": 0.01715082861483097,
      "HR@20": 0.10159098356962204,
      "NDCG@20": 0.03751508519053459,
      "MRR@20": 0.020311718806624413
    },
    {
      "HR@5": 0.028670864179730415,
      "NDCG@5": 0.01691363751888275,
      "MRR@5": 0.013109049759805202,
      "HR@10": 0.058501821011304855,
      "NDCG@10": 0.026420757174491882,
      "MRR@10": 0.016951363533735275,
      "HR@20": 0.10241962224245071,
      "NDCG@20": 0.03741944208741188,
      "MRR@20": 0.019915804266929626
    },
    {
      "HR@5": 0.028007954359054565,
      "NDCG@5": 0.01654447428882122,
      "MRR@5": 0.012810739688575268,
      "HR@10": 0.05634736269712448,
      "NDCG@10": 0.025625765323638916,
      "MRR@10": 0.016509555280208588,
      "HR@20": 0.10938017815351486,
      "NDCG@20": 0.03904237225651741,
      "MRR@20": 0.020195553079247475
    },
    {
      "HR@5": 0.03115677833557129,
      "NDCG@5": 0.019304605200886726,
      "MRR@5": 0.015434757806360722,
      "HR@10": 0.06165064498782158,
      "NDCG@10": 0.02904983051121235,
      "MRR@10": 0.019387295469641685,
      "HR@20": 0.10523699223995209,
      "NDCG@20": 0.040052205324172974,
      "MRR@20": 0.022398263216018677
    },
    {
      "HR@5": 0.03248259797692299,
      "NDCG@5": 0.019532084465026855,
      "MRR@5": 0.015329797752201557,
      "HR@10": 0.061484917998313904,
      "NDCG@10": 0.028714142739772797,
      "MRR@10": 0.01900395192205906,
      "HR@20": 0.10987736284732819,
      "NDCG@20": 0.040867116302251816,
      "MRR@20": 0.02229713648557663
    },
    {
      "HR@5": 0.03347696363925934,
      "NDCG@5": 0.02048904076218605,
      "MRR@5": 0.01627996936440468,
      "HR@10": 0.0647994726896286,
      "NDCG@10": 0.030464693903923035,
      "MRR@10": 0.020307345315814018,
      "HR@20": 0.10705999284982681,
      "NDCG@20": 0.041031286120414734,
      "MRR@20": 0.02314499393105507
    },
    {
      "HR@5": 0.033974144607782364,
      "NDCG@5": 0.021362179890275,
      "MRR@5": 0.01725776121020317,
      "HR@10": 0.0628107413649559,
      "NDCG@10": 0.030618654564023018,
      "MRR@10": 0.02103917859494686,
      "HR@20": 0.11335764080286026,
      "NDCG@20": 0.04329092055559158,
      "MRR@20": 0.024460284039378166
    },
    {
      "HR@5": 0.030991051346063614,
      "NDCG@5": 0.018862305209040642,
      "MRR@5": 0.01494310051202774,
      "HR@10": 0.06380510330200195,
      "NDCG@10": 0.029200833290815353,
      "MRR@10": 0.01905176229774952,
      "HR@20": 0.11435200273990631,
      "NDCG@20": 0.04180119186639786,
      "MRR@20": 0.02241498976945877
    },
    {
      "HR@5": 0.031322505325078964,
      "NDCG@5": 0.01955331303179264,
      "MRR@5": 0.015722019597887993,
      "HR@10": 0.060490552335977554,
      "NDCG@10": 0.028724586591124535,
      "MRR@10": 0.019357306882739067,
      "HR@20": 0.11617501080036163,
      "NDCG@20": 0.042718369513750076,
      "MRR@20": 0.023153945803642273
    },
    {
      "HR@5": 0.03281405195593834,
      "NDCG@5": 0.01965275965631008,
      "MRR@5": 0.015387803316116333,
      "HR@10": 0.058833278715610504,
      "NDCG@10": 0.027954647317528725,
      "MRR@10": 0.01874523237347603,
      "HR@20": 0.11352336406707764,
      "NDCG@20": 0.041622888296842575,
      "MRR@20": 0.022411661222577095
    },
    {
      "HR@5": 0.03496851027011871,
      "NDCG@5": 0.02023494616150856,
      "MRR@5": 0.01547066681087017,