{
  "test_metrics": {
    "HR@5": 0.03994033858180046,
    "NDCG@5": 0.0220131017267704,
    "MRR@5": 0.01619986817240715,
    "HR@10": 0.06695392727851868,
    "NDCG@10": 0.030619202181696892,
    "MRR@10": 0.01967725157737732,
    "HR@20": 0.11832946538925171,
    "NDCG@20": 0.04344470426440239,
    "MRR@20": 0.023110775277018547
  },
  "grouped_metrics": {
    "short": {
      "HR@10": 0.0555555559694767,
      "NDCG@10": 0.02724955417215824,
      "MRR@10": 0.018474427983164787,
      "HR@20": 0.09259259700775146,
      "NDCG@20": 0.036628346890211105,
      "MRR@20": 0.021048465743660927,
      "count": 162
    },
    "medium": {
      "HR@10": 0.06726839393377304,
      "NDCG@10": 0.03071216307580471,
      "MRR@10": 0.019710436463356018,
      "HR@20": 0.11903950572013855,
      "NDCG@20": 0.043632760643959045,
      "MRR@20": 0.023167675361037254,
      "count": 5872
    },
    "overall": {
      "HR@10": 0.06695392727851868,
      "NDCG@10": 0.030619202181696892,
      "MRR@10": 0.01967725157737732,
      "HR@20": 0.11832946538925171,
      "NDCG@20": 0.04344470426440239,
      "MRR@20": 0.023110775277018547,
      "count": 6034
    }
  },
  "best_epoch": 31,
  "best_val_metric": 0.03602076694369316
}