{
  "train_loss": [
    0.5566206157786174,
    0.5363990156685264,
    0.522718624148554,
    0.5137992371054529,
    0.5103118422540646,
    0.5032191390840752,
    0.5016795704955036,
    0.5016787225760303,
    0.4978914854017276,
    0.49512670283178684,
    0.4936570464407356,
    0.4938059187340505,
    0.4920121020483739,
    0.4911797843801165,
    0.4903617913572534,
    0.48956455434989005,
    0.48845966507508914,
    0.48796747277662594,
    0.4873966408296696,
    0.48879948055859906,
    0.4899723777203884,
    0.49027385786899086,
    0.48913001392072847,
    0.48935488676561895,
    0.48648673455113345,
    0.4871567722084453,
    0.48595610289897734,
    0.4851690556817842,
    0.48632910833196735,
    0.4882913670204218,
    0.48711085536526244,
    0.48631429411832566,
    0.4872032467601369,
    0.48643554674768913,
    0.485752372342406,
    0.4881066313935715,
    0.48434565845623756,
    0.4879012042746961,
    0.4863294878052276,
    0.4859642590423232,
    0.4863025071551499,
    0.48558893814248943,
    0.4850344005429629,
    0.48630468475008476,
    0.4843496354748902,
    0.48519720440929376,
    0.48492045266535677,
    0.4859632961090329
  ],
  "val_metrics": [
    {
      "HR@5": 0.021321961656212807,
      "NDCG@5": 0.010718431323766708,
      "MRR@5": 0.007356077432632446,
      "HR@10": 0.051172710955142975,
      "NDCG@10": 0.02019062638282776,
      "MRR@10": 0.011166955344378948,
      "HR@20": 0.09488273411989212,
      "NDCG@20": 0.03117387928068638,
      "MRR@20": 0.014142652973532677
    },
    {
      "HR@5": 0.02665245346724987,
      "NDCG@5": 0.013601568527519703,
      "MRR@5": 0.009470504708588123,
      "HR@10": 0.051172710955142975,
      "NDCG@10": 0.021328385919332504,
      "MRR@10": 0.012541036121547222,
      "HR@20": 0.10234542191028595,
      "NDCG@20": 0.03405134007334709,
      "MRR@20": 0.0159210916608572
    },
    {
      "HR@5": 0.02665245346724987,
      "NDCG@5": 0.013861779123544693,
      "MRR@5": 0.009790333919227123,
      "HR@10": 0.05010661110281944,
      "NDCG@10": 0.021528378129005432,
      "MRR@10": 0.013005973771214485,
      "HR@20": 0.10767590999603271,
      "NDCG@20": 0.035773321986198425,
      "MRR@20": 0.01674898900091648
    },
    {
      "HR@5": 0.027718551456928253,
      "NDCG@5": 0.013834016397595406,
      "MRR@5": 0.009417200461030006,
      "HR@10": 0.05010661110281944,
      "NDCG@10": 0.021046580746769905,
      "MRR@10": 0.012380699627101421,
      "HR@20": 0.10874200612306595,
      "NDCG@20": 0.03561858460307121,
      "MRR@20": 0.016244100406765938
    },
    {
      "HR@5": 0.027718551456928253,
      "NDCG@5": 0.014200296252965927,
      "MRR@5": 0.009914712980389595,
      "HR@10": 0.051172710955142975,
      "NDCG@10": 0.02166850119829178,
      "MRR@10": 0.012932785786688328,
      "HR@20": 0.10767590999603271,
      "NDCG@20": 0.03567372262477875,
      "MRR@20": 0.016625478863716125
    },
    {
      "HR@5": 0.025586355477571487,
      "NDCG@5": 0.014255243353545666,
      "MRR@5": 0.010678749531507492,
      "HR@10": 0.051172710955142975,
      "NDCG@10": 0.02239878661930561,
      "MRR@10": 0.01396673172712326,
      "HR@20": 0.10767590999603271,
      "NDCG@20": 0.036433443427085876,
      "MRR@20": 0.01768377795815468
    },
    {
      "HR@5": 0.024520255625247955,
      "NDCG@5": 0.014270376414060593,
      "MRR@5": 0.010980810970067978,
      "HR@10": 0.04797441512346268,
      "NDCG@10": 0.021695217117667198,
      "MRR@10": 0.013954886235296726,
      "HR@20": 0.10660981386899948,
      "NDCG@20": 0.0362682081758976,
      "MRR@20": 0.017820341512560844
    },
    {
      "HR@5": 0.024520255625247955,
      "NDCG@5": 0.014270376414060593,
      "MRR@5": 0.010980810970067978,
      "HR@10": 0.04797441512346268,
      "NDCG@10": 0.021778428927063942,
      "MRR@10": 0.014039497822523117,
      "HR@20": 0.10447761416435242,
      "NDCG@20": 0.03584013879299164,
      "MRR@20": 0.017781149595975876
    },
    {
      "HR@5": 0.025586355477571487,
      "NDCG@5": 0.015169705264270306,
      "MRR@5": 0.01183368917554617,
      "HR@10": 0.04904051125049591,
      "NDCG@10": 0.02255740389227867,
      "MRR@10": 0.014770535752177238,
      "HR@20": 0.10447761416435242,
      "NDCG@20": 0.03630777448415756,
      "MRR@20": 0.01840255782008171
    },
    {
      "HR@5": 0.023454157635569572,
      "NDCG@5": 0.01425141841173172,
      "MRR@5": 0.011300640180706978,
      "HR@10": 0.04904051125049591,
      "NDCG@10": 0.022367941215634346,
      "MRR@10": 0.01456027664244175,
      "HR@20": 0.10447761416435242,
      "NDCG@20": 0.03608500584959984,
      "MRR@20": 0.018167518079280853
    },
    {
      "HR@5": 0.023454157635569572,
      "NDCG@5": 0.01441818755120039,
      "MRR@5": 0.011513860896229744,
      "HR@10": 0.05010661110281944,
      "NDCG@10": 0.022768670693039894,
      "MRR@10": 0.014806072227656841,
      "HR@20": 0.10341151803731918,
      "NDCG@20": 0.035974226891994476,
      "MRR@20": 0.018285522237420082
    },
    {
      "HR@5": 0.023454157635569572,
      "NDCG@5": 0.014071442186832428,
      "MRR@5": 0.01103411614894867,
      "HR@10": 0.04797441512346268,
      "NDCG@10": 0.02180558256804943,
      "MRR@10": 0.01411310862749815,
      "HR@20": 0.10341151803731918,
      "NDCG@20": 0.035606734454631805,
      "MRR@20": 0.017787331715226173
    },
    {
      "HR@5": 0.02238805964589119,
      "NDCG@5": 0.013398810289800167,
      "MRR@5": 0.010501067154109478,
      "HR@10": 0.04797441512346268,
      "NDCG@10": 0.021596010774374008,
      "MRR@10": 0.01383939292281866,
      "HR@20": 0.10874200612306595,
      "NDCG@20": 0.03651292622089386,
      "MRR@20": 0.017697524279356003
    },
    {
      "HR@5": 0.02238805964589119,
      "NDCG@5": 0.013352090492844582,
      "MRR@5": 0.010447761975228786,
      "HR@10": 0.04584221914410591,
      "NDCG@10": 0.02084221877157688,
      "MRR@10": 0.01348571851849556,
      "HR@20": 0.10660981386899948,
      "NDCG@20": 0.03591715544462204,
      "MRR@20": 0.017467375844717026
    },
    {
      "HR@5": 0.02238805964589119,
      "NDCG@5": 0.013352090492844582,
      "MRR@5": 0.010447761975228786,
      "HR@10": 0.04584221914410591,
      "NDCG@10": 0.020872896537184715,
      "MRR@10": 0.013518293388187885,
      "HR@20": 0.10767590999603271,
      "NDCG@20": 0.03620677441358566,
      "MRR@20": 0.017566893249750137
    },
    {
      "HR@5": 0.023454157635569572,
      "NDCG@5": 0.013764512725174427,
      "MRR@5": 0.010660980828106403,
      "HR@10": 0.04584221914410591,
      "NDCG@10": 0.02092837728559971,
      "MRR@10": 0.013574137352406979,
      "HR@20": 0.10767590999603271,
      "NDCG@20": 0.036345139145851135,
      "MRR@20": 0.01769191399216652
    },
    {
      "HR@5": 0.02238805964589119,
      "NDCG@5": 0.013352090492844582,
      "MRR@5": 0.010447761975228786,
      "HR@10": 0.046908315271139145,
      "NDCG@10": 0.02120387740433216,
      "MRR@10": 0.01364520937204361,
      "HR@20": 0.10767590999603271,
      "NDCG@20": 0.03630944341421127,
      "MRR@20": 0.017654696479439735
    },
    {
      "HR@5": 0.02238805964589119,
      "NDCG@5": 0.013745555654168129,
      "MRR@5": 0.010980810970067978,
      "HR@10": 0.04797441512346268,
      "NDCG@10": 0.021946413442492485,
      "MRR@10": 0.014323366805911064,
      "HR@20": 0.10660981386899948,
      "NDCG@20": 0.03650560602545738,
      "MRR@20": 0.01817885972559452
    },
    {
      "HR@5": 0.02238805964589119,
      "NDCG@5": 0.013698835857212543,
      "MRR@5": 0.010927505791187286,
      "HR@10": 0.04797441512346268,
      "NDCG@10": 0.02191508188843727,
      "MRR@10": 0.014284868724644184,
      "HR@20": 0.10767590999603271,
      "NDCG@20": 0.03672102466225624,
      "MRR@20": 0.01819756254553795
    },
    {
      "HR@5": 0.02238805964589119,
      "NDCG@5": 0.013698835857212543,
      "MRR@5": 0.010927505791187286,
      "HR@10": 0.04797441512346268,
      "NDCG@10": 0.02188703790307045,