{
  "test_metrics": {
    "HR@5": 0.031982943415641785,
    "NDCG@5": 0.019621752202510834,
    "MRR@5": 0.015529495663940907,
    "HR@10": 0.0682302787899971,
    "NDCG@10": 0.031181128695607185,
    "MRR@10": 0.02020467445254326,
    "HR@20": 0.11940298974514008,
    "NDCG@20": 0.04407508671283722,
    "MRR@20": 0.023717453703284264
  },
  "grouped_metrics": {
    "short": {
      "HR@10": 0.12790697813034058,
      "NDCG@10": 0.06237451359629631,
      "MRR@10": 0.04228959232568741,
      "HR@20": 0.24418604373931885,
      "NDCG@20": 0.09172383695840836,
      "MRR@20": 0.050290368497371674,
      "count": 86
    },
    "medium": {
      "HR@10": 0.06220657378435135,
      "NDCG@10": 0.02803250029683113,
      "MRR@10": 0.017975445836782455,
      "HR@20": 0.10680751502513885,
      "NDCG@20": 0.0392654724419117,
      "MRR@20": 0.02103521302342415,
      "count": 852
    },
    "overall": {
      "HR@10": 0.0682302787899971,
      "NDCG@10": 0.031181128695607185,
      "MRR@10": 0.02020467445254326,
      "HR@20": 0.11940298974514008,
      "NDCG@20": 0.04407508671283722,
      "MRR@20": 0.023717453703284264,
      "count": 938
    }
  },
  "best_epoch": 28,
  "best_val_metric": 0.023181259632110596
}