{
  "test_metrics": {
    "HR@5": 0.05010661110281944,
    "NDCG@5": 0.027907386422157288,
    "MRR@5": 0.02070007286965847,
    "HR@10": 0.08635395020246506,
    "NDCG@10": 0.03933287039399147,
    "MRR@10": 0.02523818053305149,
    "HR@20": 0.17270790040493011,
    "NDCG@20": 0.06099610775709152,
    "MRR@20": 0.031095363199710846
  },
  "grouped_metrics": {
    "short": {
      "HR@10": 0.1860465109348297,
      "NDCG@10": 0.0863506868481636,
      "MRR@10": 0.057248979806900024,
      "HR@20": 0.3139534890651703,
      "NDCG@20": 0.11899834871292114,
      "MRR@20": 0.06633645296096802,
      "count": 86
    },
    "medium": {
      "HR@10": 0.1072874516248703,
      "NDCG@10": 0.04710550978779793,
      "MRR@10": 0.02896825596690178,
      "HR@20": 0.21255061030387878,
      "NDCG@20": 0.07340739667415619,
      "MRR@20": 0.036025770008563995,
      "count": 494
    },
    "long": {
      "HR@10": 0.033519551157951355,
      "NDCG@10": 0.017312705516815186,
      "MRR@10": 0.012401347048580647,
      "HR@20": 0.08379887789487839,
      "NDCG@20": 0.029936421662569046,
      "MRR@20": 0.015826217830181122,
      "count": 358
    },
    "overall": {
      "HR@10": 0.08635395020246506,
      "NDCG@10": 0.03933287039399147,
      "MRR@10": 0.02523818053305149,
      "HR@20": 0.17270790040493011,
      "NDCG@20": 0.06099610775709152,
      "MRR@20": 0.031095363199710846,
      "count": 938
    }
  },
  "config": {
    "data_path": "data/ml-1m/processed/sequences.pkl",
    "graph_path": "data/graphs/cooccurrence_graph.pkl",
    "results_dir": "results",
    "models": [
      "bert_hybrid_fixed"
    ],
    "d_model": 64,
    "n_heads": 2,
    "n_blocks": 2,
    "d_ff": 256,
    "gnn_layers": 2,
    "dropout": 0.2,
    "max_len": 200,
    "fixed_alpha": 0.3,
    "L_short": 10,
    "L_long": 30,
    "tcn_channels": [
      64,
      64,
      64
    ],
    "tcn_kernel_size": 3,
    "tcn_fusion": "learnable",
    "tgt_fusion_alpha": 0.3,
    "tgt_learnable_fusion": true,
    "epochs": 200,
    "batch_size": 256,
    "lr": 0.001,
    "weight_decay": 0.0,
    "patience": 20,
    "eval_every": 1,
    "resume": false,
    "seed": 42,
    "cpu": false,
    "num_workers": 4
  },
  "best_epoch": 41
}