{
  "test_metrics": {
    "HR@5": 0.08054358512163162,
    "NDCG@5": 0.0500577911734581,
    "MRR@5": 0.04015025869011879,
    "HR@10": 0.14103414118289948,
    "NDCG@10": 0.06941167265176773,
    "MRR@10": 0.04801587387919426,
    "HR@20": 0.23036128282546997,
    "NDCG@20": 0.09199990332126617,
    "MRR@20": 0.054214976727962494
  },
  "grouped_metrics": {
    "short": {
      "HR@10": 0.20987653732299805,
      "NDCG@10": 0.10812020301818848,
      "MRR@10": 0.07728297263383865,
      "HR@20": 0.3580246865749359,
      "NDCG@20": 0.1458379030227661,
      "MRR@20": 0.0877571552991867,
      "count": 162
    },
    "medium": {
      "HR@10": 0.13913486897945404,
      "NDCG@10": 0.06834375858306885,
      "MRR@10": 0.04720843583345413,
      "HR@20": 0.22683922946453094,
      "NDCG@20": 0.09051460772752762,
      "MRR@20": 0.05328960344195366,
      "count": 5872
    },
    "overall": {
      "HR@10": 0.14103414118289948,
      "NDCG@10": 0.06941167265176773,
      "MRR@10": 0.04801587387919426,
      "HR@20": 0.23036128282546997,
      "NDCG@20": 0.09199990332126617,
      "MRR@20": 0.054214976727962494,
      "count": 6034
    }
  },
  "best_epoch": 47,
  "best_val_metric": 0.06936000287532806
}