{
  "train_loss": [
    0.25121005532127705,
    0.18194197008423046,
    0.16437007407762613,
    0.1536226056115749,
    0.14535287747798734,
    0.13904337001280825,
    0.13695057394255944,
    0.1331510401759117,
    0.1303566526527464,
    0.12744808443434807,
    0.12530509152671696,
    0.12353355074570876,
    0.12153887466369663,
    0.12056002198629934,
    0.11865875437054878,
    0.11717178888506007,
    0.11663249758579997,
    0.11586784053256767,
    0.11390081186961515,
    0.11364827097851747,
    0.11266970728576649,
    0.11248963905971533,
    0.11119975302784225,
    0.10978521651010421,
    0.11025921650980391,
    0.10890661070331226,
    0.10863501389823652,
    0.10772719942666437,
    0.10646823667533967,
    0.1060800512736688,
    0.10612760428262238,
    0.10496673796995003,
    0.10536007813811576,
    0.10477913487112243,
    0.10342824559694701,
    0.10385094826709912,
    0.10394408422589412,
    0.10279711952615234,
    0.10154640532390043,
    0.10271588338690446,
    0.1018947390090806,
    0.10211138778225402,
    0.10119241079401958,
    0.10000857354309042,
    0.09993900492321914,
    0.10098323780062772,
    0.09915337452667539,
    0.09861186368165895,
    0.10017614113487779,
    0.09872073669210726
  ],
  "val_metrics": [
    {
      "HR@5": 0.023367583751678467,
      "NDCG@5": 0.013056453317403793,
      "MRR@5": 0.009706109762191772,
      "HR@10": 0.04325488954782486,
      "NDCG@10": 0.01943134516477585,
      "MRR@10": 0.012304414995014668,
      "HR@20": 0.083360955119133,
      "NDCG@20": 0.029479168355464935,
      "MRR@20": 0.015011570416390896
    },
    {
      "HR@5": 0.03181968629360199,
      "NDCG@5": 0.019904382526874542,
      "MRR@5": 0.016025852411985397,
      "HR@10": 0.053198542445898056,
      "NDCG@10": 0.026687728241086006,
      "MRR@10": 0.018751084804534912,
      "HR@20": 0.09728206694126129,
      "NDCG@20": 0.03771647810935974,
      "MRR@20": 0.02171594277024269
    },
    {
      "HR@5": 0.02949950285255909,
      "NDCG@5": 0.01784154213964939,
      "MRR@5": 0.014031599275767803,
      "HR@10": 0.06098773702979088,
      "NDCG@10": 0.027829840779304504,
      "MRR@10": 0.018041284754872322,
      "HR@20": 0.11418627947568893,
      "NDCG@20": 0.041167017072439194,
      "MRR@20": 0.021642303094267845
    },
    {
      "HR@5": 0.03413987532258034,
      "NDCG@5": 0.020394986495375633,
      "MRR@5": 0.015967849642038345,
      "HR@10": 0.06330791860818863,
      "NDCG@10": 0.029602758586406708,
      "MRR@10": 0.019636543467640877,
      "HR@20": 0.12064965069293976,
      "NDCG@20": 0.04387181997299194,
      "MRR@20": 0.0234333835542202
    },
    {
      "HR@5": 0.03413987532258034,
      "NDCG@5": 0.02054521068930626,
      "MRR@5": 0.01613081432878971,
      "HR@10": 0.06595956534147263,
      "NDCG@10": 0.030681530013680458,
      "MRR@10": 0.02022448182106018,
      "HR@20": 0.12810738384723663,
      "NDCG@20": 0.04612894356250763,
      "MRR@20": 0.024323265999555588
    },
    {
      "HR@5": 0.03795160725712776,
      "NDCG@5": 0.021642470732331276,
      "MRR@5": 0.016368357464671135,
      "HR@10": 0.0720914825797081,
      "NDCG@10": 0.03253083676099777,
      "MRR@10": 0.020772894844412804,
      "HR@20": 0.12943321466445923,
      "NDCG@20": 0.04691879823803902,
      "MRR@20": 0.024663137272000313
    },
    {
      "HR@5": 0.03944315388798714,
      "NDCG@5": 0.025090252980589867,
      "MRR@5": 0.020412109792232513,
      "HR@10": 0.07308584451675415,
      "NDCG@10": 0.03575233370065689,
      "MRR@10": 0.024685971438884735,
      "HR@20": 0.13407358527183533,
      "NDCG@20": 0.05099661648273468,
      "MRR@20": 0.028777731582522392
    },
    {
      "HR@5": 0.03430560231208801,
      "NDCG@5": 0.019704287871718407,
      "MRR@5": 0.014937575906515121,
      "HR@10": 0.06844547390937805,
      "NDCG@10": 0.030652053654193878,
      "MRR@10": 0.019403735175728798,
      "HR@20": 0.13125620782375336,
      "NDCG@20": 0.04641168192028999,
      "MRR@20": 0.023665698245167732
    },
    {
      "HR@5": 0.038780245929956436,
      "NDCG@5": 0.022492486983537674,
      "MRR@5": 0.01720528118312359,
      "HR@10": 0.07557176053524017,
      "NDCG@10": 0.03419353812932968,
      "MRR@10": 0.02192101813852787,
      "HR@20": 0.1448458731174469,
      "NDCG@20": 0.05149104446172714,
      "MRR@20": 0.026553813368082047
    },
    {
      "HR@5": 0.04126615822315216,
      "NDCG@5": 0.024275070056319237,
      "MRR@5": 0.01877416856586933,
      "HR@10": 0.07756049185991287,
      "NDCG@10": 0.035976409912109375,
      "MRR@10": 0.023584607988595963,
      "HR@20": 0.14335432648658752,
      "NDCG@20": 0.052416350692510605,
      "MRR@20": 0.027993585914373398
    },
    {
      "HR@5": 0.03778588026762009,
      "NDCG@5": 0.022368691861629486,
      "MRR@5": 0.017373770475387573,
      "HR@10": 0.07391448318958282,
      "NDCG@10": 0.03387434408068657,
      "MRR@10": 0.022019337862730026,
      "HR@20": 0.13722240924835205,
      "NDCG@20": 0.04977014288306236,
      "MRR@20": 0.026323191821575165
    },
    {
      "HR@5": 0.04192906990647316,
      "NDCG@5": 0.02433265931904316,
      "MRR@5": 0.01864987425506115,
      "HR@10": 0.08037785440683365,
      "NDCG@10": 0.03669034689664841,
      "MRR@10": 0.023706665262579918,
      "HR@20": 0.15064632892608643,
      "NDCG@20": 0.0543585941195488,
      "MRR@20": 0.028503073379397392
    },
    {
      "HR@5": 0.04060324653983116,
      "NDCG@5": 0.023381125181913376,
      "MRR@5": 0.017821235582232475,
      "HR@10": 0.07689757645130157,
      "NDCG@10": 0.034902893006801605,
      "MRR@10": 0.0224508885294199,
      "HR@20": 0.1428571343421936,
      "NDCG@20": 0.05136125534772873,
      "MRR@20": 0.02685460075736046
    },
    {
      "HR@5": 0.044414982199668884,
      "NDCG@5": 0.027599923312664032,
      "MRR@5": 0.022132914513349533,
      "HR@10": 0.08236658573150635,
      "NDCG@10": 0.03963763639330864,
      "MRR@10": 0.026965448632836342,
      "HR@20": 0.14915478229522705,
      "NDCG@20": 0.056383416056632996,
      "MRR@20": 0.03148855268955231
    },
    {
      "HR@5": 0.041100431233644485,
      "NDCG@5": 0.024523425847291946,
      "MRR@5": 0.019136007875204086,
      "HR@10": 0.08186940848827362,
      "NDCG@10": 0.037587907165288925,
      "MRR@10": 0.024456847459077835,
      "HR@20": 0.14915478229522705,
      "NDCG@20": 0.05457933247089386,
      "MRR@20": 0.029111336916685104
    },
    {
      "HR@5": 0.04524362087249756,
      "NDCG@5": 0.027529112994670868,
      "MRR@5": 0.021782124415040016,
      "HR@10": 0.08617832511663437,
      "NDCG@10": 0.040586598217487335,
      "MRR@10": 0.027064885944128036,
      "HR@20": 0.1574411690235138,
      "NDCG@20": 0.05844001844525337,
      "MRR@20": 0.031879570335149765
    },
    {
      "HR@5": 0.043420616537332535,
      "NDCG@5": 0.025349054485559464,
      "MRR@5": 0.019456414505839348,
      "HR@10": 0.08568114042282104,
      "NDCG@10": 0.03882748261094093,
      "MRR@10": 0.024909507483243942,
      "HR@20": 0.15429234504699707,
      "NDCG@20": 0.055982813239097595,
      "MRR@20": 0.029517725110054016
    },
    {
      "HR@5": 0.044083524495363235,
      "NDCG@5": 0.02584739774465561,
      "MRR@5": 0.019934261217713356,
      "HR@10": 0.08302950114011765,
      "NDCG@10": 0.038343414664268494,
      "MRR@10": 0.025032488629221916,
      "HR@20": 0.14799469709396362,
      "NDCG@20": 0.05460285022854805,
      "MRR@20": 0.02940763160586357
    },
    {
      "HR@5": 0.043752070516347885,
      "NDCG@5": 0.02544623240828514,
      "MRR@5": 0.019536517560482025,
      "HR@10": 0.08369240909814835,
      "NDCG@10": 0.03819770738482475,
      "MRR@10": 0.024703796952962875,
      "HR@20": 0.15445807576179504,
      "NDCG@20": 0.05593018978834152,
      "MRR@20": 0.029486410319805145
    },
    {
      "HR@5": 0.03994033858180046,
      "NDCG@5": 0.023869376629590988,
      "MRR@5": 0.018666446208953857,