{
  "test_metrics": {
    "HR@5": 0.05253563076257706,
    "NDCG@5": 0.030198436230421066,
    "MRR@5": 0.022969838231801987,
    "HR@10": 0.09612197428941727,
    "NDCG@10": 0.04411693662405014,
    "MRR@10": 0.028611017391085625,
    "HR@20": 0.16788199543952942,
    "NDCG@20": 0.062153346836566925,
    "MRR@20": 0.03350568190217018
  },
  "grouped_metrics": {
    "short": {
      "HR@10": 0.15432098507881165,
      "NDCG@10": 0.08553602546453476,
      "MRR@10": 0.06537085771560669,
      "HR@20": 0.2469135820865631,
      "NDCG@20": 0.10884217917919159,
      "MRR@20": 0.0717197135090828,
      "count": 162
    },
    "medium": {
      "HR@10": 0.0945163443684578,
      "NDCG@10": 0.04297424852848053,
      "MRR@10": 0.027596864849328995,
      "HR@20": 0.16570162773132324,
      "NDCG@20": 0.060865264385938644,
      "MRR@20": 0.032451409846544266,
      "count": 5872
    },
    "overall": {
      "HR@10": 0.09612197428941727,
      "NDCG@10": 0.04411693662405014,
      "MRR@10": 0.028611017391085625,
      "HR@20": 0.16788199543952942,
      "NDCG@20": 0.062153346836566925,
      "MRR@20": 0.03350568190217018,
      "count": 6034
    }
  },
  "best_epoch": 48,
  "best_val_metric": 0.04839937016367912
}