{
  "train_loss": [
    0.25280461183136954,
    0.18284785433693332,
    0.16409797979143162,
    0.1516554432967742,
    0.145017850779589,
    0.13999374426788402,
    0.13606245439289139,
    0.1330934484678778,
    0.12956188206052255,
    0.1283819027583863,
    0.12596538603873936,
    0.1238348512547959,
    0.1221634748250205,
    0.12041275413706043,
    0.11841588374270065,
    0.11732605075036708,
    0.11626706828333722,
    0.11603424787268105,
    0.1148942421144666,
    0.11380338585829866,
    0.11255339633024883,
    0.11248101702504985,
    0.11151605025173383,
    0.11118735729463888,
    0.11024454034108551,
    0.10952740150974823,
    0.10801094824505553,
    0.10800237442868589,
    0.1078586697417577,
    0.10669932995106192,
    0.10656354172847443,
    0.10549861640011876,
    0.10518148379741758,
    0.10447568509883436,
    0.10499085138560875,
    0.10412964244151969,
    0.1036256889551262,
    0.10353803969697226,
    0.10231499658828215,
    0.10186104630117959,
    0.10261692077462203,
    0.1015563196698131,
    0.10174570547833485,
    0.10071837663527305,
    0.10053406190768836,
    0.10115111427921519,
    0.10004121813791358,
    0.10017701503116985,
    0.1003585884233763,
    0.09875298906793603
  ],
  "val_metrics": [
    {
      "HR@5": 0.024030493572354317,
      "NDCG@5": 0.014982345513999462,
      "MRR@5": 0.012045630253851414,
      "HR@10": 0.045077890157699585,
      "NDCG@10": 0.021691858768463135,
      "MRR@10": 0.014757117256522179,
      "HR@20": 0.07971494644880295,
      "NDCG@20": 0.03038366511464119,
      "MRR@20": 0.01710924506187439
    },
    {
      "HR@5": 0.03115677833557129,
      "NDCG@5": 0.017732243984937668,
      "MRR@5": 0.01339078601449728,
      "HR@10": 0.05601590871810913,
      "NDCG@10": 0.0256973784416914,
      "MRR@10": 0.016636742278933525,
      "HR@20": 0.09893934428691864,
      "NDCG@20": 0.036444392055273056,
      "MRR@20": 0.01953200250864029
    },
    {
      "HR@5": 0.03314550966024399,
      "NDCG@5": 0.01997057907283306,
      "MRR@5": 0.015697160735726357,
      "HR@10": 0.0628107413649559,
      "NDCG@10": 0.029413770884275436,
      "MRR@10": 0.01950909197330475,
      "HR@20": 0.11468345671892166,
      "NDCG@20": 0.042461905628442764,
      "MRR@20": 0.023057708516716957
    },
    {
      "HR@5": 0.03347696363925934,
      "NDCG@5": 0.020192714408040047,
      "MRR@5": 0.01587945967912674,
      "HR@10": 0.06529664993286133,
      "NDCG@10": 0.030361361801624298,
      "MRR@10": 0.020006339997053146,
      "HR@20": 0.12346702069044113,
      "NDCG@20": 0.04491858556866646,
      "MRR@20": 0.023925725370645523
    },
    {
      "HR@5": 0.03646006062626839,
      "NDCG@5": 0.021819092333316803,
      "MRR@5": 0.017086511477828026,
      "HR@10": 0.0714285671710968,
      "NDCG@10": 0.03294086083769798,
      "MRR@10": 0.021571476012468338,
      "HR@20": 0.1302618533372879,
      "NDCG@20": 0.0477818064391613,
      "MRR@20": 0.025624282658100128
    },
    {
      "HR@5": 0.03778588026762009,
      "NDCG@5": 0.022612368687987328,
      "MRR@5": 0.017685892060399055,
      "HR@10": 0.07093138992786407,
      "NDCG@10": 0.033085331320762634,
      "MRR@10": 0.021863872185349464,
      "HR@20": 0.12578719854354858,
      "NDCG@20": 0.046914298087358475,
      "MRR@20": 0.025637632235884666
    },
    {
      "HR@5": 0.03629433363676071,
      "NDCG@5": 0.021234523504972458,
      "MRR@5": 0.016357308253645897,
      "HR@10": 0.06910838186740875,
      "NDCG@10": 0.03169102594256401,
      "MRR@10": 0.020581848919391632,
      "HR@20": 0.12943321466445923,
      "NDCG@20": 0.04676924645900726,
      "MRR@20": 0.024628896266222
    },
    {
      "HR@5": 0.03629433363676071,
      "NDCG@5": 0.021297387778759003,
      "MRR@5": 0.01641255058348179,
      "HR@10": 0.0734172984957695,
      "NDCG@10": 0.03314957395195961,
      "MRR@10": 0.02121536061167717,
      "HR@20": 0.13274775445461273,
      "NDCG@20": 0.04800545424222946,
      "MRR@20": 0.025219235569238663
    },
    {
      "HR@5": 0.03546569496393204,
      "NDCG@5": 0.021179044619202614,
      "MRR@5": 0.016550658270716667,
      "HR@10": 0.07325157523155212,
      "NDCG@10": 0.03320423141121864,
      "MRR@10": 0.02140088379383087,
      "HR@20": 0.1375538557767868,
      "NDCG@20": 0.04922262206673622,
      "MRR@20": 0.02567187324166298
    },
    {
      "HR@5": 0.041100431233644485,
      "NDCG@5": 0.025465669110417366,
      "MRR@5": 0.02037896402180195,
      "HR@10": 0.0754060298204422,
      "NDCG@10": 0.03642408177256584,
      "MRR@10": 0.024825720116496086,
      "HR@20": 0.1408684104681015,
      "NDCG@20": 0.052787765860557556,
      "MRR@20": 0.029220115393400192
    },
    {
      "HR@5": 0.04806098714470863,
      "NDCG@5": 0.027300167828798294,
      "MRR@5": 0.020605456084012985,
      "HR@10": 0.082035131752491,
      "NDCG@10": 0.03805592656135559,
      "MRR@10": 0.024908192455768585,
      "HR@20": 0.146834596991539,
      "NDCG@20": 0.05425916984677315,
      "MRR@20": 0.029263924807310104
    },
    {
      "HR@5": 0.040437519550323486,
      "NDCG@5": 0.024422720074653625,
      "MRR@5": 0.01925477758049965,
      "HR@10": 0.07855485379695892,
      "NDCG@10": 0.036570265889167786,
      "MRR@10": 0.024165837094187737,
      "HR@20": 0.14534305036067963,
      "NDCG@20": 0.053220272064208984,
      "MRR@20": 0.028609955683350563
    },
    {
      "HR@5": 0.04027179256081581,
      "NDCG@5": 0.023885399103164673,
      "MRR@5": 0.018539387732744217,
      "HR@10": 0.0740802139043808,
      "NDCG@10": 0.03469488397240639,
      "MRR@10": 0.02292899787425995,
      "HR@20": 0.13838249444961548,
      "NDCG@20": 0.050812333822250366,
      "MRR@20": 0.027276812121272087
    },
    {
      "HR@5": 0.041431885212659836,
      "NDCG@5": 0.024517176672816277,
      "MRR@5": 0.019028283655643463,
      "HR@10": 0.0787205845117569,
      "NDCG@10": 0.03643419221043587,
      "MRR@10": 0.023864109069108963,
      "HR@20": 0.14932051301002502,
      "NDCG@20": 0.05415109172463417,
      "MRR@20": 0.028658868744969368
    },
    {
      "HR@5": 0.04159761220216751,
      "NDCG@5": 0.02513364888727665,
      "MRR@5": 0.019796153530478477,
      "HR@10": 0.07905203849077225,
      "NDCG@10": 0.03716064244508743,
      "MRR@10": 0.024709779769182205,
      "HR@20": 0.14385150372982025,
      "NDCG@20": 0.05336968973278999,
      "MRR@20": 0.02906506508588791
    },
    {
      "HR@5": 0.03546569496393204,
      "NDCG@5": 0.02128390595316887,
      "MRR@5": 0.01667219027876854,
      "HR@10": 0.07623466849327087,
      "NDCG@10": 0.03422622010111809,
      "MRR@10": 0.02187274768948555,
      "HR@20": 0.14517733454704285,
      "NDCG@20": 0.051502030342817307,
      "MRR@20": 0.026535049080848694
    },
    {
      "HR@5": 0.04971826449036598,
      "NDCG@5": 0.028680844232439995,
      "MRR@5": 0.021848415955901146,
      "HR@10": 0.08700695633888245,
      "NDCG@10": 0.040614139288663864,
      "MRR@10": 0.02670120634138584,
      "HR@20": 0.15164069831371307,
      "NDCG@20": 0.05677537992596626,
      "MRR@20": 0.031041240319609642
    },
    {
      "HR@5": 0.045409347862005234,
      "NDCG@5": 0.027215536683797836,
      "MRR@5": 0.021345708519220352,
      "HR@10": 0.08617832511663437,
      "NDCG@10": 0.04023806378245354,
      "MRR@10": 0.026624856516718864,
      "HR@20": 0.15694397687911987,
      "NDCG@20": 0.05789631977677345,
      "MRR@20": 0.03135150671005249
    },
    {
      "HR@5": 0.04060324653983116,
      "NDCG@5": 0.023445531725883484,
      "MRR@5": 0.017890289425849915,
      "HR@10": 0.08634404838085175,
      "NDCG@10": 0.0381585955619812,
      "MRR@10": 0.023915274068713188,
      "HR@20": 0.1581040769815445,
      "NDCG@20": 0.0561932809650898,
      "MRR@20": 0.02880913019180298
    },
    {
      "HR@5": 0.039111699908971786,
      "NDCG@5": 0.02345860004425049,
      "MRR@5": 0.018409566953778267,
      "HR@10": 0.08352667838335037,