{
  "test_metrics": {
    "HR@5": 0.05004971846938133,
    "NDCG@5": 0.029944244772195816,
    "MRR@5": 0.02341177873313427,
    "HR@10": 0.0933046042919159,
    "NDCG@10": 0.04370739310979843,
    "MRR@10": 0.028959836810827255,
    "HR@20": 0.16357308626174927,
    "NDCG@20": 0.06139877066016197,
    "MRR@20": 0.03377743810415268
  },
  "grouped_metrics": {
    "short": {
      "HR@10": 0.12962962687015533,
      "NDCG@10": 0.059047382324934006,
      "MRR@10": 0.03787968307733536,
      "HR@20": 0.2469135820865631,
      "NDCG@20": 0.08858693391084671,
      "MRR@20": 0.045934151858091354,
      "count": 162
    },
    "medium": {
      "HR@10": 0.09230244904756546,
      "NDCG@10": 0.043284185230731964,
      "MRR@10": 0.028713751584291458,
      "HR@20": 0.16127383708953857,
      "NDCG@20": 0.06064869463443756,
      "MRR@20": 0.03344205394387245,
      "count": 5872
    },
    "overall": {
      "HR@10": 0.0933046042919159,
      "NDCG@10": 0.04370739310979843,
      "MRR@10": 0.028959836810827255,
      "HR@20": 0.16357308626174927,
      "NDCG@20": 0.06139877066016197,
      "MRR@20": 0.03377743810415268,
      "count": 6034
    }
  },
  "best_epoch": 47,
  "best_val_metric": 0.04793599992990494
}