{
  "test_metrics": {
    "HR@5": 0.051172710955142975,
    "NDCG@5": 0.02906634844839573,
    "MRR@5": 0.0218905471265316,
    "HR@10": 0.08528784662485123,
    "NDCG@10": 0.04024266451597214,
    "MRR@10": 0.026590688154101372,
    "HR@20": 0.15351812541484833,
    "NDCG@20": 0.05749008432030678,
    "MRR@20": 0.03132454678416252
  },
  "grouped_metrics": {
    "short": {
      "HR@10": 0.19767442345619202,
      "NDCG@10": 0.09388768672943115,
      "MRR@10": 0.0629521980881691,
      "HR@20": 0.25581395626068115,
      "NDCG@20": 0.10817940533161163,
      "MRR@20": 0.06666313856840134,
      "count": 86
    },
    "medium": {
      "HR@10": 0.11133603751659393,
      "NDCG@10": 0.052753839641809464,
      "MRR@10": 0.034782472997903824,
      "HR@20": 0.20850202441215515,
      "NDCG@20": 0.07732117921113968,
      "MRR@20": 0.0415264293551445,
      "count": 494
    },
    "long": {
      "HR@10": 0.022346368059515953,
      "NDCG@10": 0.010091851465404034,
      "MRR@10": 0.0065520526841282845,
      "HR@20": 0.053072623908519745,
      "NDCG@20": 0.017948612570762634,
      "MRR@20": 0.008757923729717731,
      "count": 358
    },
    "overall": {
      "HR@10": 0.08528784662485123,
      "NDCG@10": 0.04024266451597214,
      "MRR@10": 0.026590688154101372,
      "HR@20": 0.15351812541484833,
      "NDCG@20": 0.05749008432030678,
      "MRR@20": 0.03132454678416252,
      "count": 938
    }
  },
  "config": {
    "data_path": "data/ml-1m/processed/sequences.pkl",
    "graph_path": "data/graphs/cooccurrence_graph.pkl",
    "results_dir": "results",
    "models": [
      "bert_hybrid_discrete"
    ],
    "d_model": 64,
    "n_heads": 2,
    "n_blocks": 2,
    "d_ff": 256,
    "gnn_layers": 2,
    "dropout": 0.2,
    "max_len": 200,
    "fixed_alpha": 0.5,
    "L_short": 10,
    "L_long": 30,
    "tcn_channels": [
      64,
      64,
      64
    ],
    "tcn_kernel_size": 3,
    "tcn_fusion": "learnable",
    "tgt_fusion_alpha": 0.3,
    "tgt_learnable_fusion": true,
    "epochs": 200,
    "batch_size": 256,
    "lr": 0.001,
    "weight_decay": 0.0,
    "patience": 20,
    "eval_every": 1,
    "resume": false,
    "seed": 42,
    "cpu": false,
    "num_workers": 4
  },
  "best_epoch": 63
}