{
  "test_metrics": {
    "HR@5": 0.0754060298204422,
    "NDCG@5": 0.04491930454969406,
    "MRR@5": 0.03504309058189392,
    "HR@10": 0.13854822516441345,
    "NDCG@10": 0.06519752740859985,
    "MRR@10": 0.043329138308763504,
    "HR@20": 0.23251573741436005,
    "NDCG@20": 0.08884236216545105,
    "MRR@20": 0.04975728690624237
  },
  "grouped_metrics": {
    "short": {
      "HR@10": 0.2222222238779068,
      "NDCG@10": 0.10664980858564377,
      "MRR@10": 0.07103420048952103,
      "HR@20": 0.35185185074806213,
      "NDCG@20": 0.14011873304843903,
      "MRR@20": 0.08057461678981781,
      "count": 162
    },
    "medium": {
      "HR@10": 0.18379217386245728,
      "NDCG@10": 0.08671192079782486,
      "MRR@10": 0.05783018469810486,
      "HR@20": 0.290422648191452,
      "NDCG@20": 0.11355157941579819,
      "MRR@20": 0.06513524055480957,
      "count": 2579
    },
    "long": {
      "HR@10": 0.09899787604808807,
      "NDCG@10": 0.046308714896440506,
      "MRR@10": 0.03060930222272873,
      "HR@20": 0.18129365146160126,
      "NDCG@20": 0.06696814298629761,
      "MRR@20": 0.03619757294654846,
      "count": 3293
    },
    "overall": {
      "HR@10": 0.13854822516441345,
      "NDCG@10": 0.06519752740859985,
      "MRR@10": 0.043329138308763504,
      "HR@20": 0.23251573741436005,
      "NDCG@20": 0.08884236216545105,
      "MRR@20": 0.04975728690624237,
      "count": 6034
    }
  },
  "config": {
    "data_path": "data/ml-1m/processed/sequences.pkl",
    "graph_path": "data/graphs/cooccurrence_graph.pkl",
    "results_dir": "results",
    "models": [
      "tcn_bert4rec"
    ],
    "d_model": 64,
    "n_heads": 2,
    "n_blocks": 2,
    "d_ff": 256,
    "gnn_layers": 2,
    "dropout": 0.2,
    "max_len": 200,
    "fixed_alpha": 0.5,
    "L_short": 10,
    "L_long": 30,
    "tcn_channels": [
      64,
      64,
      64
    ],
    "tcn_kernel_size": 3,
    "tcn_fusion": "learnable",
    "tgt_fusion_alpha": 0.3,
    "tgt_learnable_fusion": true,
    "epochs": 200,
    "batch_size": 256,
    "lr": 0.001,
    "weight_decay": 0.0,
    "patience": 20,
    "eval_every": 1,
    "seed": 42,
    "cpu": false,
    "num_workers": 4
  },
  "best_epoch": 84
}