{
  "test_metrics": {
    "HR@5": 0.07772621512413025,
    "NDCG@5": 0.04524046182632446,
    "MRR@5": 0.03470611199736595,
    "HR@10": 0.1375538557767868,
    "NDCG@10": 0.06440139561891556,
    "MRR@10": 0.04250451177358627,
    "HR@20": 0.22323499619960785,
    "NDCG@20": 0.08586660027503967,
    "MRR@20": 0.04829308018088341
  },
  "grouped_metrics": {
    "short": {
      "HR@10": 0.21604938805103302,
      "NDCG@10": 0.09393748641014099,
      "MRR@10": 0.0574539490044117,
      "HR@20": 0.327160507440567,
      "NDCG@20": 0.12117811292409897,
      "MRR@20": 0.06448516994714737,
      "count": 162
    },
    "medium": {
      "HR@10": 0.13538828492164612,
      "NDCG@10": 0.06358654052019119,
      "MRR@10": 0.04209207743406296,
      "HR@20": 0.22036784887313843,
      "NDCG@20": 0.08489241451025009,
      "MRR@20": 0.047846365720033646,
      "count": 5872
    },
    "overall": {
      "HR@10": 0.1375538557767868,
      "NDCG@10": 0.06440139561891556,
      "MRR@10": 0.04250451177358627,
      "HR@20": 0.22323499619960785,
      "NDCG@20": 0.08586660027503967,
      "MRR@20": 0.04829308018088341,
      "count": 6034
    }
  },
  "best_epoch": 45,
  "best_val_metric": 0.06947600096464157
}