{
  "test_metrics": {
    "HR@5": 0.07573748379945755,
    "NDCG@5": 0.045308709144592285,
    "MRR@5": 0.03543807566165924,
    "HR@10": 0.13738813996315002,
    "NDCG@10": 0.06523997336626053,
    "MRR@10": 0.043661054223775864,
    "HR@20": 0.22737818956375122,
    "NDCG@20": 0.08790145814418793,
    "MRR@20": 0.0498313345015049
  },
  "grouped_metrics": {
    "short": {
      "HR@10": 0.23456791043281555,
      "NDCG@10": 0.1084817498922348,
      "MRR@10": 0.07070351392030716,
      "HR@20": 0.34567901492118835,
      "NDCG@20": 0.13689103722572327,
      "MRR@20": 0.07865942269563675,
      "count": 162
    },
    "medium": {
      "HR@10": 0.13470707833766937,
      "NDCG@10": 0.06404700130224228,
      "MRR@10": 0.042914990335702896,
      "HR@20": 0.22411443293094635,
      "NDCG@20": 0.08654989302158356,
      "MRR@20": 0.04903601109981537,
      "count": 5872
    },
    "overall": {
      "HR@10": 0.13738813996315002,
      "NDCG@10": 0.06523997336626053,
      "MRR@10": 0.043661054223775864,
      "HR@20": 0.22737818956375122,
      "NDCG@20": 0.08790145814418793,
      "MRR@20": 0.0498313345015049,
      "count": 6034
    }
  },
  "best_epoch": 50,
  "best_val_metric": 0.07048775255680084
}