{
  "test_metrics": {
    "HR@5": 0.07706330716609955,
    "NDCG@5": 0.044913649559020996,
    "MRR@5": 0.034482378512620926,
    "HR@10": 0.14136558771133423,
    "NDCG@10": 0.06546048074960709,
    "MRR@10": 0.0428168959915638,
    "HR@20": 0.24129930138587952,
    "NDCG@20": 0.0905611589550972,
    "MRR@20": 0.049620985984802246
  },
  "grouped_metrics": {
    "short": {
      "HR@10": 0.2716049551963806,
      "NDCG@10": 0.12553641200065613,
      "MRR@10": 0.08155497163534164,
      "HR@20": 0.37654322385787964,
      "NDCG@20": 0.15162289142608643,
      "MRR@20": 0.08847799152135849,
      "count": 162
    },
    "medium": {
      "HR@10": 0.13777247071266174,
      "NDCG@10": 0.06380306929349899,
      "MRR@10": 0.04174816608428955,
      "HR@20": 0.23756811022758484,
      "NDCG@20": 0.08887656033039093,
      "MRR@20": 0.048548974096775055,
      "count": 5872
    },
    "overall": {
      "HR@10": 0.14136558771133423,
      "NDCG@10": 0.06546048074960709,
      "MRR@10": 0.0428168959915638,
      "HR@20": 0.24129930138587952,
      "NDCG@20": 0.0905611589550972,
      "MRR@20": 0.049620985984802246,
      "count": 6034
    }
  },
  "best_epoch": 83,
  "best_val_metric": 0.07363716512918472
}