{
  "test_metrics": {
    "HR@5": 0.08385813981294632,
    "NDCG@5": 0.04949566349387169,
    "MRR@5": 0.03830515965819359,
    "HR@10": 0.14468014240264893,
    "NDCG@10": 0.06899169832468033,
    "MRR@10": 0.04624916613101959,
    "HR@20": 0.2394762933254242,
    "NDCG@20": 0.09292065352201462,
    "MRR@20": 0.05279839411377907
  },
  "grouped_metrics": {
    "short": {
      "HR@10": 0.20370370149612427,
      "NDCG@10": 0.11148875206708908,
      "MRR@10": 0.08345826715230942,
      "HR@20": 0.37037038803100586,
      "NDCG@20": 0.15284989774227142,
      "MRR@20": 0.09438077360391617,
      "count": 162
    },
    "medium": {
      "HR@10": 0.14305177330970764,
      "NDCG@10": 0.0678192675113678,
      "MRR@10": 0.04522262141108513,
      "HR@20": 0.23586511611938477,
      "NDCG@20": 0.09126728773117065,
      "MRR@20": 0.05165119841694832,
      "count": 5872
    },
    "overall": {
      "HR@10": 0.14468014240264893,
      "NDCG@10": 0.06899169832468033,
      "MRR@10": 0.04624916613101959,
      "HR@20": 0.2394762933254242,
      "NDCG@20": 0.09292065352201462,
      "MRR@20": 0.05279839411377907,
      "count": 6034
    }
  },
  "best_epoch": 77,
  "best_val_metric": 0.07503273338079453
}