{
  "test_metrics": {
    "HR@5": 0.07772621512413025,
    "NDCG@5": 0.045060478150844574,
    "MRR@5": 0.03445751965045929,
    "HR@10": 0.13440503180027008,
    "NDCG@10": 0.06325804442167282,
    "MRR@10": 0.04188868775963783,
    "HR@20": 0.22969837486743927,
    "NDCG@20": 0.08721873164176941,
    "MRR@20": 0.04839548096060753
  },
  "grouped_metrics": {
    "short": {
      "HR@10": 0.20987653732299805,
      "NDCG@10": 0.10459700971841812,
      "MRR@10": 0.07283705472946167,
      "HR@20": 0.395061731338501,
      "NDCG@20": 0.15151073038578033,
      "MRR@20": 0.0857684388756752,
      "count": 162
    },
    "medium": {
      "HR@10": 0.13232289254665375,
      "NDCG@10": 0.062117550522089005,
      "MRR@10": 0.041034869849681854,
      "HR@20": 0.22513623535633087,
      "NDCG@20": 0.08544500917196274,
      "MRR@20": 0.04736441373825073,
      "count": 5872
    },
    "overall": {
      "HR@10": 0.13440503180027008,
      "NDCG@10": 0.06325804442167282,
      "MRR@10": 0.04188868775963783,
      "HR@20": 0.22969837486743927,
      "NDCG@20": 0.08721873164176941,
      "MRR@20": 0.04839548096060753,
      "count": 6034
    }
  },
  "best_epoch": 78,
  "best_val_metric": 0.07419435679912567
}