{
  "test_metrics": {
    "HR@5": 0.08319522440433502,
    "NDCG@5": 0.0491669736802578,
    "MRR@5": 0.03809523954987526,
    "HR@10": 0.14269141852855682,
    "NDCG@10": 0.0682239755988121,
    "MRR@10": 0.04585358500480652,
    "HR@20": 0.23168709874153137,
    "NDCG@20": 0.09052181988954544,
    "MRR@20": 0.051865752786397934
  },
  "grouped_metrics": {
    "short": {
      "HR@10": 0.2469135820865631,
      "NDCG@10": 0.11315367370843887,
      "MRR@10": 0.0732387825846672,
      "HR@20": 0.3580246865749359,
      "NDCG@20": 0.14114266633987427,
      "MRR@20": 0.08087442070245743,
      "count": 162
    },
    "medium": {
      "HR@10": 0.18340441584587097,
      "NDCG@10": 0.08839951455593109,
      "MRR@10": 0.059814926236867905,
      "HR@20": 0.2877084016799927,
      "NDCG@20": 0.11456457525491714,
      "MRR@20": 0.06688506156206131,
      "count": 2579
    },
    "long": {
      "HR@10": 0.10567871481180191,
      "NDCG@10": 0.05021264776587486,
      "MRR@10": 0.03357217460870743,
      "HR@20": 0.18159732222557068,
      "NDCG@20": 0.06920178234577179,
      "MRR@20": 0.038675885647535324,
      "count": 3293
    },
    "overall": {
      "HR@10": 0.14269141852855682,
      "NDCG@10": 0.0682239755988121,
      "MRR@10": 0.04585358500480652,
      "HR@20": 0.23168709874153137,
      "NDCG@20": 0.09052181988954544,
      "MRR@20": 0.051865752786397934,
      "count": 6034
    }
  },
  "config": {
    "data_path": "data/ml-1m/processed/sequences.pkl",
    "graph_path": "data/graphs/cooccurrence_graph.pkl",
    "results_dir": "results",
    "models": [
      "bert_hybrid_discrete"
    ],
    "d_model": 64,
    "n_heads": 2,
    "n_blocks": 2,
    "d_ff": 256,
    "gnn_layers": 2,
    "dropout": 0.2,
    "max_len": 200,
    "fixed_alpha": 0.5,
    "L_short": 10,
    "L_long": 30,
    "tcn_channels": [
      64,
      64,
      64
    ],
    "tcn_kernel_size": 3,
    "tcn_fusion": "learnable",
    "tgt_fusion_alpha": 0.3,
    "tgt_learnable_fusion": true,
    "epochs": 200,
    "batch_size": 256,
    "lr": 0.001,
    "weight_decay": 0.0,
    "patience": 20,
    "eval_every": 1,
    "resume": false,
    "seed": 42,
    "cpu": false,
    "num_workers": 4
  },
  "best_epoch": 64
}