{
  "test_metrics": {
    "HR@5": 0.05650319904088974,
    "NDCG@5": 0.03271803259849548,
    "MRR@5": 0.025017770007252693,
    "HR@10": 0.09488273411989212,
    "NDCG@10": 0.0449092835187912,
    "MRR@10": 0.029921820387244225,
    "HR@20": 0.18443496525287628,
    "NDCG@20": 0.06712837517261505,
    "MRR@20": 0.03579515591263771
  },
  "grouped_metrics": {
    "short": {
      "HR@10": 0.1860465109348297,
      "NDCG@10": 0.10614572465419769,
      "MRR@10": 0.0825258418917656,
      "HR@20": 0.2906976640224457,
      "NDCG@20": 0.13211390376091003,
      "MRR@20": 0.08938740938901901,
      "count": 86
    },
    "medium": {
      "HR@10": 0.08568075299263,
      "NDCG@10": 0.03872814029455185,
      "MRR@10": 0.024612024426460266,
      "HR@20": 0.17370891571044922,
      "NDCG@20": 0.06056879833340645,
      "MRR@20": 0.030385609716176987,
      "count": 852
    },
    "overall": {
      "HR@10": 0.09488273411989212,
      "NDCG@10": 0.0449092835187912,
      "MRR@10": 0.029921820387244225,
      "HR@20": 0.18443496525287628,
      "NDCG@20": 0.06712837517261505,
      "MRR@20": 0.03579515591263771,
      "count": 938
    }
  },
  "best_epoch": 82,
  "best_val_metric": 0.060911934822797775
}