{
  "test_metrics": {
    "HR@5": 0.06844547390937805,
    "NDCG@5": 0.039660096168518066,
    "MRR@5": 0.030328143388032913,
    "HR@10": 0.12595292925834656,
    "NDCG@10": 0.058129437267780304,
    "MRR@10": 0.03787347674369812,
    "HR@20": 0.21345707774162292,
    "NDCG@20": 0.08012803643941879,
    "MRR@20": 0.043845053762197495
  },
  "grouped_metrics": {
    "short": {
      "HR@10": 0.22839505970478058,
      "NDCG@10": 0.09643059968948364,
      "MRR@10": 0.05795610696077347,
      "HR@20": 0.3395061790943146,
      "NDCG@20": 0.12457754462957382,
      "MRR@20": 0.065720334649086,
      "count": 162
    },
    "medium": {
      "HR@10": 0.12312670052051544,
      "NDCG@10": 0.057072754949331284,
      "MRR@10": 0.037319429218769073,
      "HR@20": 0.2099795639514923,
      "NDCG@20": 0.0789017304778099,
      "MRR@20": 0.04324154928326607,
      "count": 5872
    },
    "overall": {
      "HR@10": 0.12595292925834656,
      "NDCG@10": 0.058129437267780304,
      "MRR@10": 0.03787347674369812,
      "HR@20": 0.21345707774162292,
      "NDCG@20": 0.08012803643941879,
      "MRR@20": 0.043845053762197495,
      "count": 6034
    }
  },
  "best_epoch": 63,
  "best_val_metric": 0.06571748107671738
}