{
  "test_metrics": {
    "HR@5": 0.04157782718539238,
    "NDCG@5": 0.025504248216748238,
    "MRR@5": 0.020184792578220367,
    "HR@10": 0.0682302787899971,
    "NDCG@10": 0.033912625163793564,
    "MRR@10": 0.023532001301646233,
    "HR@20": 0.1460554450750351,
    "NDCG@20": 0.05322923883795738,
    "MRR@20": 0.028643757104873657
  },
  "grouped_metrics": {
    "short": {
      "HR@10": 0.151162788271904,
      "NDCG@10": 0.07758088409900665,
      "MRR@10": 0.05426356941461563,
      "HR@20": 0.25581395626068115,
      "NDCG@20": 0.10393626242876053,
      "MRR@20": 0.06144195422530174,
      "count": 86
    },
    "medium": {
      "HR@10": 0.05985915660858154,
      "NDCG@10": 0.029504796490073204,
      "MRR@10": 0.020429987460374832,
      "HR@20": 0.13497652113437653,
      "NDCG@20": 0.04811091721057892,
      "MRR@20": 0.025333140045404434,
      "count": 852
    },
    "overall": {
      "HR@10": 0.0682302787899971,
      "NDCG@10": 0.033912625163793564,
      "MRR@10": 0.023532001301646233,
      "HR@20": 0.1460554450750351,
      "NDCG@20": 0.05322923883795738,
      "MRR@20": 0.028643757104873657,
      "count": 938
    }
  },
  "best_epoch": 19,
  "best_val_metric": 0.04661202430725098
}