{
  "test_metrics": {
    "HR@5": 0.051172710955142975,
    "NDCG@5": 0.033974260091781616,
    "MRR@5": 0.028375979512929916,
    "HR@10": 0.09808102250099182,
    "NDCG@10": 0.048962920904159546,
    "MRR@10": 0.03445485234260559,
    "HR@20": 0.168443500995636,
    "NDCG@20": 0.06648200005292892,
    "MRR@20": 0.03911793231964111
  },
  "grouped_metrics": {
    "short": {
      "HR@10": 0.22093023359775543,
      "NDCG@10": 0.12814918160438538,
      "MRR@10": 0.10022610425949097,
      "HR@20": 0.3255814015865326,
      "NDCG@20": 0.15370847284793854,
      "MRR@20": 0.10677290707826614,
      "count": 86
    },
    "medium": {
      "HR@10": 0.12145749479532242,
      "NDCG@10": 0.05889947712421417,
      "MRR@10": 0.04039505869150162,
      "HR@20": 0.20647773146629333,
      "NDCG@20": 0.08006308227777481,
      "MRR@20": 0.046025365591049194,
      "count": 494
    },
    "long": {
      "HR@10": 0.03631284832954407,
      "NDCG@10": 0.016229189932346344,
      "MRR@10": 0.010458233766257763,
      "HR@20": 0.07821229100227356,
      "NDCG@20": 0.026787761598825455,
      "MRR@20": 0.013334138318896294,
      "count": 358
    },
    "overall": {
      "HR@10": 0.09808102250099182,
      "NDCG@10": 0.048962920904159546,
      "MRR@10": 0.03445485234260559,
      "HR@20": 0.168443500995636,
      "NDCG@20": 0.06648200005292892,
      "MRR@20": 0.03911793231964111,
      "count": 938
    }
  },
  "config": {
    "data_path": "data/ml-1m/processed/sequences.pkl",
    "graph_path": "data/graphs/cooccurrence_graph.pkl",
    "results_dir": "results",
    "models": [
      "tgt_bert4rec"
    ],
    "d_model": 64,
    "n_heads": 2,
    "n_blocks": 2,
    "d_ff": 256,
    "gnn_layers": 2,
    "dropout": 0.2,
    "max_len": 200,
    "fixed_alpha": 0.5,
    "L_short": 10,
    "L_long": 30,
    "tcn_channels": [
      64,
      64,
      64
    ],
    "tcn_kernel_size": 3,
    "tcn_fusion": "learnable",
    "tgt_fusion_alpha": 0.3,
    "tgt_learnable_fusion": true,
    "epochs": 200,
    "batch_size": 256,
    "lr": 0.001,
    "weight_decay": 0.0,
    "patience": 20,
    "eval_every": 1,
    "resume": false,
    "seed": 42,
    "cpu": false,
    "num_workers": 4
  },
  "best_epoch": 52
}