{
  "test_metrics": {
    "HR@5": 0.05154126510024071,
    "NDCG@5": 0.02983853407204151,
    "MRR@5": 0.022770965471863747,
    "HR@10": 0.09794497489929199,
    "NDCG@10": 0.044621631503105164,
    "MRR@10": 0.028742682188749313,
    "HR@20": 0.1766655594110489,
    "NDCG@20": 0.06429336220026016,
    "MRR@20": 0.03402192145586014
  },
  "grouped_metrics": {
    "short": {
      "HR@10": 0.1419753134250641,
      "NDCG@10": 0.07764342427253723,
      "MRR@10": 0.05826229602098465,
      "HR@20": 0.25925925374031067,
      "NDCG@20": 0.10636068135499954,
      "MRR@20": 0.06564456224441528,
      "count": 162
    },
    "medium": {
      "HR@10": 0.09673024713993073,
      "NDCG@10": 0.043710608035326004,
      "MRR@10": 0.027928275987505913,
      "HR@20": 0.1743869185447693,
      "NDCG@20": 0.06313278526067734,
      "MRR@20": 0.03314949944615364,
      "count": 5872
    },
    "overall": {
      "HR@10": 0.09794497489929199,
      "NDCG@10": 0.044621631503105164,
      "MRR@10": 0.028742682188749313,
      "HR@20": 0.1766655594110489,
      "NDCG@20": 0.06429336220026016,
      "MRR@20": 0.03402192145586014,
      "count": 6034
    }
  },
  "best_epoch": 113,
  "best_val_metric": 0.053076066076755524
}