{
  "test_metrics": {
    "HR@5": 0.082035131752491,
    "NDCG@5": 0.04768524318933487,
    "MRR@5": 0.03652358800172806,
    "HR@10": 0.14799469709396362,
    "NDCG@10": 0.06888071447610855,
    "MRR@10": 0.04519403353333473,
    "HR@20": 0.24444812536239624,
    "NDCG@20": 0.09303030371665955,
    "MRR@20": 0.05169752612709999
  },
  "grouped_metrics": {
    "short": {
      "HR@10": 0.2777777910232544,
      "NDCG@10": 0.12127494812011719,
      "MRR@10": 0.07571527361869812,
      "HR@20": 0.3641975224018097,
      "NDCG@20": 0.1437557339668274,
      "MRR@20": 0.08221998065710068,
      "count": 162
    },
    "medium": {
      "HR@10": 0.19115936756134033,
      "NDCG@10": 0.08952067047357559,
      "MRR@10": 0.05892111361026764,
      "HR@20": 0.31485071778297424,
      "NDCG@20": 0.12047833204269409,
      "MRR@20": 0.0672464519739151,
      "count": 2579
    },
    "long": {
      "HR@10": 0.10780443251132965,
      "NDCG@10": 0.0501384362578392,
      "MRR@10": 0.03294181078672409,
      "HR@20": 0.1834193766117096,
      "NDCG@20": 0.06903819739818573,
      "MRR@20": 0.03801840916275978,
      "count": 3293
    },
    "overall": {
      "HR@10": 0.14799469709396362,
      "NDCG@10": 0.06888071447610855,
      "MRR@10": 0.04519403353333473,
      "HR@20": 0.24444812536239624,
      "NDCG@20": 0.09303030371665955,
      "MRR@20": 0.05169752612709999,
      "count": 6034
    }
  },
  "config": {
    "data_path": "data/ml-1m/processed/sequences.pkl",
    "graph_path": "data/graphs/cooccurrence_graph.pkl",
    "results_dir": "results",
    "models": [
      "tgt_bert4rec"
    ],
    "d_model": 64,
    "n_heads": 2,
    "n_blocks": 2,
    "d_ff": 256,
    "gnn_layers": 2,
    "dropout": 0.2,
    "max_len": 200,
    "fixed_alpha": 0.5,
    "L_short": 10,
    "L_long": 30,
    "tcn_channels": [
      64,
      64,
      64
    ],
    "tcn_kernel_size": 3,
    "tcn_fusion": "learnable",
    "tgt_fusion_alpha": 0.3,
    "tgt_learnable_fusion": true,
    "epochs": 200,
    "batch_size": 256,
    "lr": 0.001,
    "weight_decay": 0.0,
    "patience": 20,
    "eval_every": 1,
    "resume": false,
    "seed": 42,
    "cpu": false,
    "num_workers": 4
  },
  "best_epoch": 148
}