{
  "train_loss": [
    0.3194457971562362,
    0.261418186350596,
    0.22867104353628742,
    0.21237077648876784,
    0.1986351490540958,
    0.18627661794122885,
    0.1781195326304841,
    0.17086351848026454,
    0.1650876211542354,
    0.15888028655528036,
    0.1550558997360073,
    0.1517582044114911,
    0.14896865958774863,
    0.1454646941060504,
    0.14308764488805473,
    0.14107361044366806,
    0.13946389390834166,
    0.13794696792022426,
    0.13662161807100545,
    0.13480123897717533,
    0.13277714589134126,
    0.13225952105499977,
    0.13159425536125255,
    0.12990401837021645,
    0.12938447230224714,
    0.12867253825246439,
    0.128218096870455,
    0.12718716069549446,
    0.1259002462577042,
    0.1255379169734454,
    0.1247088352614414,
    0.12455230677516624,
    0.12305624439942765,
    0.12373349761190795,
    0.12344372362843006,
    0.12218922418386059,
    0.12265303784525335,
    0.12185144722187907,
    0.12145862182483358,
    0.12112025374809317,
    0.12145225736742508,
    0.11974379088478072,
    0.11968782454640098,
    0.11938701225739858,
    0.11921050644586215,
    0.11980724512168613,
    0.11924534682552367,
    0.11875473193013181,
    0.11847008859202245,
    0.1175472306846532
  ],
  "val_metrics": [
    {
      "HR@5": 0.013921113684773445,
      "NDCG@5": 0.007320687174797058,
      "MRR@5": 0.005192796234041452,
      "HR@10": 0.028670864179730415,
      "NDCG@10": 0.011949191801249981,
      "MRR@10": 0.007021258119493723,
      "HR@20": 0.05303281545639038,
      "NDCG@20": 0.018124910071492195,
      "MRR@20": 0.008724418468773365
    },
    {
      "HR@5": 0.01508120633661747,
      "NDCG@5": 0.008804377168416977,
      "MRR@5": 0.006772732362151146,
      "HR@10": 0.032316870987415314,
      "NDCG@10": 0.014188687317073345,
      "MRR@10": 0.008887205272912979,
      "HR@20": 0.06115346401929855,
      "NDCG@20": 0.02148059383034706,
      "MRR@20": 0.010889867320656776
    },
    {
      "HR@5": 0.018727213144302368,
      "NDCG@5": 0.011459174565970898,
      "MRR@5": 0.009084631688892841,
      "HR@10": 0.03513423725962639,
      "NDCG@10": 0.01672568917274475,
      "MRR@10": 0.011234156787395477,
      "HR@20": 0.0654623806476593,
      "NDCG@20": 0.024304063990712166,
      "MRR@20": 0.013266836293041706
    },
    {
      "HR@5": 0.020218759775161743,
      "NDCG@5": 0.012471405789256096,
      "MRR@5": 0.009893935173749924,
      "HR@10": 0.03994033858180046,
      "NDCG@10": 0.01875164359807968,
      "MRR@10": 0.012428776361048222,
      "HR@20": 0.0740802139043808,
      "NDCG@20": 0.027327656745910645,
      "MRR@20": 0.014754257164895535
    },
    {
      "HR@5": 0.01806430146098137,
      "NDCG@5": 0.010930563323199749,
      "MRR@5": 0.008604021742939949,
      "HR@10": 0.03430560231208801,
      "NDCG@10": 0.016002487391233444,
      "MRR@10": 0.010592620819807053,
      "HR@20": 0.0740802139043808,
      "NDCG@20": 0.025894517078995705,
      "MRR@20": 0.01322104036808014
    },
    {
      "HR@5": 0.024030493572354317,
      "NDCG@5": 0.013340040110051632,
      "MRR@5": 0.009935365989804268,
      "HR@10": 0.04623798280954361,
      "NDCG@10": 0.020395243540406227,
      "MRR@10": 0.012775884009897709,
      "HR@20": 0.08501823246479034,
      "NDCG@20": 0.030097493901848793,
      "MRR@20": 0.015383395366370678
    },
    {
      "HR@5": 0.019555849954485893,
      "NDCG@5": 0.010969138704240322,
      "MRR@5": 0.008167605847120285,
      "HR@10": 0.04690089449286461,
      "NDCG@10": 0.019555747509002686,
      "MRR@10": 0.0115595618262887,
      "HR@20": 0.08684123307466507,
      "NDCG@20": 0.029553694650530815,
      "MRR@20": 0.014250621199607849
    },
    {
      "HR@5": 0.02485913224518299,
      "NDCG@5": 0.014862277545034885,
      "MRR@5": 0.011598165147006512,
      "HR@10": 0.05038117244839668,
      "NDCG@10": 0.023030823096632957,
      "MRR@10": 0.01492218766361475,
      "HR@20": 0.09264169633388519,
      "NDCG@20": 0.03359329700469971,
      "MRR@20": 0.017756303772330284
    },
    {
      "HR@5": 0.02618495188653469,
      "NDCG@5": 0.015383985824882984,
      "MRR@5": 0.011888190172612667,
      "HR@10": 0.053198542445898056,
      "NDCG@10": 0.02392566204071045,
      "MRR@10": 0.015297244302928448,
      "HR@20": 0.09777925163507462,
      "NDCG@20": 0.03514780476689339,
      "MRR@20": 0.018349232152104378
    },
    {
      "HR@5": 0.025687769055366516,
      "NDCG@5": 0.015141678974032402,
      "MRR@5": 0.011714175343513489,
      "HR@10": 0.05270135775208473,
      "NDCG@10": 0.023814979940652847,
      "MRR@10": 0.015258836559951305,
      "HR@20": 0.10374543815851212,
      "NDCG@20": 0.03657177835702896,
      "MRR@20": 0.018682200461626053
    },
    {
      "HR@5": 0.029996685683727264,
      "NDCG@5": 0.017752988263964653,
      "MRR@5": 0.013802342116832733,
      "HR@10": 0.05369572341442108,
      "NDCG@10": 0.025369368493556976,
      "MRR@10": 0.016918545588850975,
      "HR@20": 0.10026516020298004,
      "NDCG@20": 0.037016212940216064,
      "MRR@20": 0.02004670351743698
    },
    {
      "HR@5": 0.02983095683157444,
      "NDCG@5": 0.018522698432207108,
      "MRR@5": 0.014835378155112267,
      "HR@10": 0.057838913053274155,
      "NDCG@10": 0.027450984343886375,
      "MRR@10": 0.018443699926137924,
      "HR@20": 0.10788863152265549,
      "NDCG@20": 0.039961520582437515,
      "MRR@20": 0.021803652867674828
    },
    {
      "HR@5": 0.02850513719022274,
      "NDCG@5": 0.016802169382572174,
      "MRR@5": 0.013006851077079773,
      "HR@10": 0.055850181728601456,
      "NDCG@10": 0.025563497096300125,
      "MRR@10": 0.016574202105402946,
      "HR@20": 0.10258534550666809,
      "NDCG@20": 0.03723521903157234,
      "MRR@20": 0.019701141864061356
    },
    {
      "HR@5": 0.02983095683157444,
      "NDCG@5": 0.017573868855834007,
      "MRR@5": 0.01359242107719183,
      "HR@10": 0.061816371977329254,
      "NDCG@10": 0.02782933972775936,
      "MRR@10": 0.017772963270545006,
      "HR@20": 0.10755717754364014,
      "NDCG@20": 0.039377372711896896,
      "MRR@20": 0.02093413844704628
    },
    {
      "HR@5": 0.03049386851489544,
      "NDCG@5": 0.018941331654787064,
      "MRR@5": 0.015169594436883926,
      "HR@10": 0.056513093411922455,
      "NDCG@10": 0.027254415675997734,
      "MRR@10": 0.018541952595114708,
      "HR@20": 0.10722572356462479,
      "NDCG@20": 0.03998987004160881,
      "MRR@20": 0.02199307642877102
    },
    {
      "HR@5": 0.032316870987415314,
      "NDCG@5": 0.019747108221054077,
      "MRR@5": 0.01567506417632103,
      "HR@10": 0.058501821011304855,
      "NDCG@10": 0.028105026111006737,
      "MRR@10": 0.01905938982963562,
      "HR@20": 0.10507126152515411,
      "NDCG@20": 0.03970400616526604,
      "MRR@20": 0.022151535376906395
    },
    {
      "HR@5": 0.03629433363676071,
      "NDCG@5": 0.022917339578270912,
      "MRR@5": 0.018547674641013145,
      "HR@10": 0.06397083401679993,
      "NDCG@10": 0.03169601783156395,
      "MRR@10": 0.022070175036787987,
      "HR@20": 0.11252900213003159,
      "NDCG@20": 0.04381866008043289,
      "MRR@20": 0.025316903367638588
    },
    {
      "HR@5": 0.03430560231208801,
      "NDCG@5": 0.02061866782605648,
      "MRR@5": 0.016172247007489204,
      "HR@10": 0.06032482534646988,
      "NDCG@10": 0.0289559718221426,
      "MRR@10": 0.019566966220736504,
      "HR@20": 0.11551209539175034,
      "NDCG@20": 0.04282156750559807,
      "MRR@20": 0.023327866569161415
    },
    {
      "HR@5": 0.03181968629360199,
      "NDCG@5": 0.018846595659852028,
      "MRR@5": 0.014625455252826214,
      "HR@10": 0.06098773702979088,
      "NDCG@10": 0.028166212141513824,
      "MRR@10": 0.018406804651021957,
      "HR@20": 0.11120317876338959,
      "NDCG@20": 0.04072388634085655,
      "MRR@20": 0.021783269941806793
    },
    {
      "HR@5": 0.03148823231458664,
      "NDCG@5": 0.018734760582447052,
      "MRR@5": 0.01460888423025608,