{
  "test_metrics": {
    "HR@5": 0.03646006062626839,
    "NDCG@5": 0.021363133564591408,
    "MRR@5": 0.016481604427099228,
    "HR@10": 0.0707656592130661,
    "NDCG@10": 0.032424964010715485,
    "MRR@10": 0.02102825976908207,
    "HR@20": 0.11733510345220566,
    "NDCG@20": 0.044017381966114044,
    "MRR@20": 0.024114467203617096
  },
  "grouped_metrics": {
    "short": {
      "HR@10": 0.04938271641731262,
      "NDCG@10": 0.022887224331498146,
      "MRR@10": 0.0149348434060812,
      "HR@20": 0.11728395521640778,
      "NDCG@20": 0.04004858806729317,
      "MRR@20": 0.019645903259515762,
      "count": 162
    },
    "medium": {
      "HR@10": 0.07135558128356934,
      "NDCG@10": 0.03268809616565704,
      "MRR@10": 0.02119636908173561,
      "HR@20": 0.11733651161193848,
      "NDCG@20": 0.044126879423856735,
      "MRR@20": 0.024237746372818947,
      "count": 5872
    },
    "overall": {
      "HR@10": 0.0707656592130661,
      "NDCG@10": 0.032424964010715485,
      "MRR@10": 0.02102825976908207,
      "HR@20": 0.11733510345220566,
      "NDCG@20": 0.044017381966114044,
      "MRR@20": 0.024114467203617096,
      "count": 6034
    }
  },
  "best_epoch": 30,
  "best_val_metric": 0.03347509726881981
}